,S1,S2,S3,S4,S5,S6,S7,S8,S9,S10,S11,S12,S13,S14,S15,S16,S17,S18,S19,S20,S21,S22,S23,S24,S25,S26,S27,S28,S29,S30,S31,S32,S33,S34,S35,S36,S37,S38,S39,S40
Class,0,0,0,0,0,0,0,0,0,0,0,0,0,0,0,0,0,0,0,0,1,1,1,1,1,1,1,1,1,1,1,1,1,1,1,1,1,1,1,1
ACP6|51205,624,797,457,377,572,579,2000,1878,1339,853,1001,1162,1385,1505,1235,1191,955,2174,2288,1506,765,495,363,537,531,295,329,768,1274,634,1267,417,1366,602,965,691,423,611,1190,713
ADIPOQ|9370,0,10,0,291,1,236,0,2,0,3,2545,0,30,1,0,32,1,0,1,0,0,2,0,0,0,0,0,1,1,0,31,0,0,0,0,0,0,2,2,0
ABHD11|83451,941,984,677,883,858,815,3672,2051,1772,1281,1596,1519,1613,1920,3731,2463,2122,2122,4466,2701,1912,990,1903,941,997,707,1505,1380,862,1951,1050,542,1005,3283,1113,1255,894,1631,2393,1266
AIFM3|150209,69,31,49,12,20,25,26,69,39,15,33,57,29,17,30,20,23,24,29,34,66,36,69,31,94,57,33,44,65,32,61,5,57,13,19,19,55,13,18,18
ACR|49,29,25,11,5,5,12,1,3,34,5,12,22,4,12,8,3,1,0,4,4,19,20,4,5,44,17,2,23,14,20,42,12,20,21,5,8,17,53,18,8
AKAP11|11215,3679,4408,2534,3158,4832,3782,6633,12678,5919,6076,5847,6406,6645,9334,8864,5890,2359,4954,9086,7755,5408,5554,5607,4054,4193,2241,1791,4538,8906,5163,6251,3482,3312,4943,6009,7598,3368,4691,4833,9223
AFTPH|54812,5199,5259,3920,2929,4880,3955,6943,6369,8080,4496,5306,8746,6957,8416,8240,6437,3255,4907,7393,9663,5269,5010,4087,3555,4283,1707,2607,8538,9556,7019,6002,4434,5760,6657,4979,9556,3637,11056,4752,6996
AIF1L|83543,36013,25138,19376,24988,22548,32812,149996,159633,47849,99732,46526,51061,146808,145283,188788,163390,83672,123754,276082,117081,12392,8699,1648,1305,3195,892,1011,28386,9222,22460,2526,8473,5058,8930,1069,24185,3309,17938,8756,2953
AHCY|191,24040,31894,19966,3591,14391,9185,9100,10825,34799,5765,11321,25010,5936,9588,9446,8447,4025,7841,9112,14980,10899,7797,4152,5410,7278,8330,10902,8285,9297,12389,10712,9496,11549,13830,11460,10808,11712,24714,11971,12382
?|10357,140,144,61,126,185,126,344,313,181,277,217,267,156,326,396,318,247,342,337,332,196,197,171,216,149,139,192,212,337,422,302,145,188,235,286,270,130,256,223,331
ADAMTS6|11174,44,19,17,53,10,52,63,97,48,121,94,53,160,198,348,81,63,69,378,137,49,26,29,72,74,53,32,249,126,73,76,18,29,37,14,156,20,139,25,16
ADAT2|134637,138,105,61,81,70,181,310,190,137,169,149,171,151,280,355,169,120,208,183,257,342,273,236,188,267,223,99,365,436,220,107,160,139,252,314,381,64,334,150,199
ABCD2|225,83,93,80,59,150,51,15,13,130,17,87,92,5,28,12,2,3,6,4,47,223,69,23,33,76,130,74,377,269,130,73,57,201,21,40,290,96,69,81,149
AEBP2|121536,1229,1264,1113,1504,1331,1510,3178,3107,1957,2638,2380,2685,2591,3601,3651,2430,1283,2004,3116,3890,2487,2216,1957,2096,2113,1583,2222,2361,3054,3267,2838,1389,1737,2428,3650,3500,2591,2072,2584,3046
?|155060,207,105,66,83,53,286,307,134,192,255,144,196,300,287,512,167,166,174,400,195,359,736,542,361,463,381,255,607,1353,116,205,87,240,211,193,342,202,192,141,185
ACO1|48,9431,16178,8726,2748,14853,10556,7653,8183,34161,4823,15069,26484,6355,8420,9027,7780,3604,6880,8806,13788,4989,4344,4175,3506,4735,2371,3018,7701,6394,10372,6341,3744,4751,5461,6306,7676,7279,8944,6208,4960
ADAMTS13|11093,118,101,59,55,30,120,215,107,114,150,135,199,125,138,333,85,104,115,288,108,141,200,207,65,108,73,18,208,339,27,36,46,63,85,28,73,69,56,78,28
AHSP|51327,0,4,0,2,1,0,2,7,0,2,5,0,0,0,1,4,1,5,2,7,2,0,1,22,0,0,0,0,3,6,0,0,0,1,2,0,0,0,0,2
AGTPBP1|23287,754,760,505,802,1188,824,1155,1553,1474,1407,1428,1371,1413,2008,2116,1669,699,1304,2172,1612,1194,1273,1114,921,991,691,573,1694,1640,1938,983,890,1043,1063,1111,2259,772,2324,1654,1171
AFAP1L2|84632,1782,1174,889,1680,1295,2296,17563,24597,1969,11198,3915,3158,11383,13984,9398,11699,6413,16573,14943,7400,826,1162,746,876,1156,2188,959,3515,1615,3161,1133,836,823,1361,1027,3306,272,2127,1489,1421
ADAMTS20|80070,0,0,0,0,0,0,1,0,1,0,0,0,0,0,0,0,0,0,0,0,2,0,0,25,1,2,0,1,1,3,2,4,2,0,0,1,1,1,0,3
AHCYL2|23382,2653,4434,2964,1618,3107,4014,2645,3592,5132,2809,6565,7782,4071,4810,5128,3396,1635,3606,6136,4802,2858,1131,15753,919,1134,4398,720,3451,2800,5597,6356,1061,2634,1149,1676,2231,1237,6078,2904,7132
ACAD11|84129,6450,8302,5012,1150,4539,4373,3427,1786,11564,1759,5536,13517,2182,3083,3940,2657,1167,2294,3685,6974,17787,7726,1256,2364,13024,5002,1435,26285,14140,10209,32022,10346,6716,17181,18427,28615,7193,23160,15948,13259
ADAM21P1|145241,1,5,2,2,6,2,3,7,3,5,7,0,5,9,4,7,6,1,4,8,2,0,5,0,2,0,2,1,0,3,3,2,1,1,3,1,3,3,1,5
ACVR1B|91,5488,5526,2999,3319,4079,5303,17900,9737,9045,8166,8455,10659,11147,12268,18459,9616,4568,9554,8933,14623,5346,4576,5557,2906,5198,2733,5074,4929,6207,7402,4588,3959,2877,4639,3647,6564,5349,3809,5355,7877
AGPAT5|55326,1789,2713,2136,1599,3238,1552,4660,2944,4529,2121,2766,4018,2731,3937,4735,4232,1694,2806,4125,4878,4417,4439,3526,4578,5600,1593,1579,3358,6779,2351,7471,5162,4478,2843,4648,8446,4398,6227,6973,9358
ADARB2|105,3,52,19,9,15,12,23,42,13,23,27,39,11,24,3,22,4,1,52,11,18,6,12,7,27,3,0,2,0,2,1,7,10,5,0,16,0,2,5,20
ABCA4|24,651,69,43,65,49,62,12324,15620,160,7437,200,308,8101,13733,3199,5120,4291,5398,27852,3332,16,18,30,22,10,33,12,18,7,48,17,15,8,9,6,18,13,13,57,20
AGPAT6|137964,2654,4694,1901,2298,2418,2377,4591,3063,6195,2986,5518,6111,3191,3511,5825,4608,2223,4604,5911,5585,3217,4370,3874,3187,3324,2439,1896,4442,5428,4550,4842,4546,3636,3610,5806,8743,6059,4635,5619,5704
AAK1|22848,2277,2910,2217,2337,2149,2993,7277,4470,4683,3775,4945,6647,4913,6610,8547,4214,2501,4456,6311,7142,3153,3003,5472,1725,2463,2273,1682,3561,4124,5630,3040,1820,4147,2561,1835,5894,2775,2702,2688,3043
ADAM33|80332,28,12,25,106,51,40,51,106,52,164,329,15,32,57,56,89,16,42,20,43,15,44,66,12,5,53,30,3,19,25,23,0,1,5,0,1,1,2,0,19
ADCY8|114,15,8,13,3,0,8,5,0,33,0,7,17,5,7,4,1,0,0,1,29,7,0,0,48,167,22,4,0,0,855,1,180,17,0,0,10,3,0,315,3
ADD3|120,14184,14920,11548,5802,13208,9300,10245,13869,16759,9447,13429,19843,12669,13953,14402,10818,4393,7652,15195,17396,12172,15384,4647,5636,8443,3744,3625,13818,13325,12674,8788,8695,9242,10429,8391,19463,13227,8315,8931,11930
ACCN3|9311,9,10,9,2,1,16,4,11,6,3,12,10,5,2,9,1,0,3,3,2,37,31,16,7,30,22,13,36,84,4,15,2,54,7,4,6,9,26,3,8
ADRA1D|146,3,6,4,40,17,22,8,5,18,31,27,11,20,31,4,51,9,86,10,28,1,10,4,20,0,22,11,6,0,16,3,0,2,15,8,2,0,2,1,5
ADAM11|4185,4,7,3,1,5,15,10,14,3,12,11,14,6,11,9,8,9,5,9,11,84,30,1,249,103,60,25,17,37,10,312,11,7,38,16,26,38,74,22,79
AHNAK|79026,22356,30718,15374,49111,42232,39457,79873,200644,64131,113716,118575,72879,143140,133638,169346,74130,46671,103338,221084,115052,55908,120155,62331,75936,168181,37704,60709,99189,135926,131812,176345,103462,42727,65428,131297,163788,145819,133682,131640,168278
ABHD14A|25864,2038,2473,2134,838,1019,785,2133,1156,2013,983,1315,2618,1500,1454,1880,1412,961,1308,1827,1542,646,526,397,390,341,784,986,692,562,1079,623,502,922,894,672,600,484,862,859,582
AGXT2|64902,18495,20378,12382,1031,9414,7187,109,13,27907,28,5555,28641,153,1059,427,30,3,17,164,7977,4623,2580,0,15,1614,836,661,9731,7443,2849,4067,4969,7715,1587,356,5434,315,3992,2710,1340
AKAP14|158798,0,1,0,1,0,0,0,2,2,2,1,1,1,3,0,0,0,2,1,2,1,1,1,0,1,1,2,0,0,1,0,0,0,1,1,0,0,0,0,0
ABCC6P1|653190,585,286,297,33,205,305,19,12,707,20,149,347,35,37,60,12,24,21,56,147,1124,79,11,15,420,324,359,779,377,238,535,60,970,100,17,299,3597,523,316,155
ADAMTS15|170689,321,144,31,62,83,143,827,123,253,800,253,234,2291,1212,1740,855,514,1079,1246,799,108,174,21,88,7,69,7,226,35,117,28,73,43,221,48,150,45,267,88,135
ACAT1|38,27856,29948,19712,4801,17223,14718,20348,6400,34300,10684,20041,40626,20097,21315,26564,16887,12669,21140,30124,37442,9083,5105,21667,3543,6068,2603,3258,15647,11407,12405,12399,10802,7904,14652,10547,14523,2804,13869,3814,8844
AHI1|54806,547,483,330,473,399,582,941,1289,635,1013,788,1007,1113,1319,1570,971,455,1003,1372,977,1175,947,1186,690,712,431,441,924,1476,541,586,454,356,487,767,1338,481,923,453,992
ACSM2B|348158,22578,30185,13743,1774,12049,11780,164,48,44803,100,19220,39316,206,955,650,42,5,14,186,6568,10857,1486,1,28,12474,1039,2903,23743,6157,13669,9858,5196,20791,4307,2175,11806,2812,31611,7105,3941
ABCC13|150000,1,0,0,1,0,9,1,13,1,2,0,1,0,1,8,0,1,7,2,0,0,0,0,4,0,3,1,0,0,0,0,0,0,0,5,0,0,1,0,0
ABCC8|6833,5,6,2,5,8,28,5,0,11,11,15,11,4,3,6,7,2,3,5,16,14,4,0,2,5,0,2,2,24,2,16,3,0,1,0,10,1,0,3,2
ADH6|130,4471,6213,4380,448,3623,2636,73,24,7864,42,2461,8476,55,268,96,16,2,12,45,2347,670,351,1,31,233,331,194,898,74,257,529,193,494,898,13,256,257,27,168,314
ACSM4|341392,0,0,0,0,0,0,0,1,0,0,0,0,0,0,0,0,0,0,0,0,0,0,0,0,0,0,0,0,0,0,0,0,0,0,0,0,0,0,0,0
AGAP3|116988,1004,1311,767,854,718,1182,808,1067,1646,1033,1931,2363,1270,1371,1942,878,764,1490,1614,1352,3418,3169,3272,2241,2711,2097,1836,2205,3367,2831,1994,1966,2844,3299,3538,2486,2460,2613,2254,3657
ACSM2A|123876,24491,28103,25020,4073,24986,14549,258,35,54649,230,19996,60943,411,2273,2422,122,38,37,461,12383,12259,4139,2,42,23297,856,2078,15209,6483,22839,9715,11206,24804,16372,3303,11552,4739,17161,6775,8580
ACTR3C|653857,323,167,195,140,174,224,352,594,329,457,295,311,472,720,389,736,190,761,1102,417,615,263,514,118,282,175,492,253,280,349,173,229,292,142,46,267,492,126,202,107
A1CF|29974,1052,1692,650,59,748,593,2,0,1884,4,402,1322,9,39,22,2,0,0,14,328,1465,704,0,3,772,103,113,517,1020,294,603,604,295,674,706,1426,995,660,681,1137
ACN9|57001,1271,1248,975,391,839,495,1200,1128,869,670,690,974,828,977,1240,1332,747,914,1440,1565,825,360,246,587,483,517,684,289,367,713,362,253,195,659,678,251,372,620,540,490
AGFG1|3267,2444,3212,2578,3474,4599,2968,6960,7566,4711,3951,6054,5246,4697,5951,7996,5463,2386,4550,6989,8255,5663,5817,7079,3876,3876,3470,6272,6057,5634,5760,5069,2921,4011,2632,5109,8904,5443,8455,4263,9317
ADAMTS10|81794,141,93,69,235,98,192,59,72,182,139,407,237,114,155,221,34,44,131,135,80,1081,1216,177,500,1267,631,530,670,329,656,1601,371,868,186,72,746,1188,257,1583,665
AG2|387763,531,1622,992,7892,1238,2404,567,409,2223,672,6256,1099,1021,1345,3078,1268,2025,1155,2996,6019,1327,2428,1081,17176,868,3524,2751,1985,818,2343,1278,903,821,5847,3363,1138,639,1295,2116,4032
ACCSL|390110,0,0,0,0,0,0,0,0,0,0,0,0,0,0,0,0,0,0,0,0,1,2,0,0,0,0,1,0,1,0,0,0,0,0,2,0,0,0,0,2
AK3|50808,8924,7527,4882,3546,8768,6886,17527,9641,9269,10661,8692,11615,12642,19469,24270,22919,7807,12754,21454,20754,5780,3891,10557,1727,2443,2737,1913,4422,4667,8068,4696,2602,4058,3776,4312,6605,2393,9721,4870,3023
ACOT6|641372,107,143,62,5,60,49,22,14,119,20,19,80,11,20,36,21,10,12,23,50,17,5,23,15,9,14,26,11,11,24,31,21,0,25,26,27,11,49,16,7
AES|166,11989,10778,8404,13210,11258,10466,31664,27590,18352,20190,17953,17279,24790,28465,33377,27905,23760,36056,34774,26412,18527,17793,25515,13312,15147,18429,17373,13813,17767,28156,18183,13311,26782,27622,17907,18527,13330,26535,19537,31923
ACAD9|28976,1745,1836,1308,1325,1598,1504,3780,3155,2904,2140,2696,3312,2655,3409,4501,3463,1661,3159,4317,3209,2638,3532,2743,1438,2065,1833,3129,3244,1988,3503,3156,1502,3594,2046,3317,4114,2367,2117,3326,1912
AFF1|4299,8901,11410,6091,6341,6803,10174,29347,35260,18908,16886,17331,19962,21345,20293,29301,12349,5425,14665,17799,26257,12577,19718,10735,10304,11324,5561,2831,15837,18017,14251,33987,13458,13821,18888,15213,36513,9272,12655,16818,14274
ADM2|79924,1684,2182,1133,471,1022,969,141,37,2741,87,1459,3584,96,179,338,72,49,25,92,1014,2064,1102,44,416,1383,1376,523,2781,3383,933,1441,2615,4729,3818,1167,2552,1577,2351,1429,1454
ADCY10|55811,3,8,1,1,0,5,1,4,5,9,0,1,2,14,8,7,0,7,2,1,34,23,4,14,23,5,7,25,29,4,20,4,12,7,8,10,8,2,6,12
ABCC2|1244,3183,2924,1839,195,1711,1376,19,7,4871,15,1819,4425,34,89,43,13,4,18,35,902,2321,4544,12,362,2499,987,1564,1129,823,164,3534,1690,3849,1841,1029,2428,8364,2982,1324,3009
ADSL|158,2628,2426,1687,1293,2225,1239,2915,2672,3013,1609,2486,2758,1625,2259,3047,2496,1207,2495,2503,2922,4153,2635,1180,2124,2144,2209,2609,3620,3068,4001,3585,2616,2826,3407,3903,4057,2040,3232,3330,3735
ADO|84890,1012,1217,904,1390,1681,1042,2763,3066,1642,2482,1809,1939,2176,3344,2918,2967,1239,2398,3173,3198,1677,1762,1129,1321,1276,1306,1585,2014,1812,3178,983,1059,1399,1738,1221,2490,1794,1583,1783,2584
AGBL2|79841,41,19,15,15,22,26,33,63,28,39,26,52,38,27,93,15,19,32,46,44,161,152,49,175,204,83,24,112,208,45,59,19,76,41,25,167,163,67,21,59
ADPGK|83440,1596,1611,1142,1394,1658,1110,2392,3260,2158,2215,2391,2236,2554,3024,3508,2880,1265,2793,3845,2425,4651,4864,2294,3376,3658,3018,2620,4069,4279,4823,4017,2040,3497,3565,5623,5546,4602,2615,3672,3559
AGPAT1|10554,5923,7154,4088,3565,4375,3900,9222,12383,9080,7981,7419,8819,8733,9424,11198,8116,4867,9043,10066,8195,7913,7900,5122,4044,4891,4682,3867,7518,9629,8953,7940,5798,8435,7434,7137,9207,6105,10508,7737,8127
AGAP11|119385,98,31,61,41,6,146,63,64,69,94,104,113,94,76,269,58,74,37,83,245,891,332,155,220,688,55,54,436,663,82,170,120,49,105,64,384,68,95,134,156
ACTR8|93973,1357,1244,998,878,1354,1106,2135,2337,1861,1479,1880,1925,2103,2590,2172,2050,841,1880,2255,2232,1259,934,1703,984,804,747,880,1340,1359,1378,1560,643,1299,770,975,1892,768,1540,1123,1469
AAGAB|79719,1917,2060,1632,1828,2418,1924,6409,6029,3244,3346,3454,3929,3564,4375,4991,4259,2005,4924,5145,5574,1769,2522,3407,875,1146,1364,1293,2773,2469,3092,1331,1069,1834,1484,1428,3422,1484,2015,1486,1829
ACOX2|8309,5133,6337,3637,633,2692,2220,239,120,8735,232,2648,8045,464,674,750,310,315,220,802,2016,670,394,686,343,517,309,624,735,685,1023,2333,600,591,706,62,436,273,118,880,772
?|388795,1,2,1,0,1,1,0,0,0,1,1,0,0,0,0,0,2,1,1,0,5,4,6,1,3,2,1,4,1,1,0,0,2,0,0,2,0,0,0,0
ABHD4|63874,2029,2228,1731,2595,1835,1918,9055,4952,3140,2844,5011,4494,5383,4468,8081,4409,3208,5430,7929,5123,3060,1678,1215,2575,2748,1938,2271,1530,1901,5994,4790,2842,1344,2630,3197,2158,2297,3474,4355,3454
?|404770,0,0,0,0,0,0,0,0,0,0,0,0,0,0,0,0,0,0,0,0,0,0,0,0,0,0,0,0,0,0,0,0,0,0,0,0,0,0,0,0
AFP|174,275,148,242,2,38,52,1,3,204,0,14,199,0,7,0,0,0,1,6,45,8,41,2,0,1,20,75,0,2,4,2,2,1,0,1,15,99,2,3,13
ABLIM1|3983,7851,9241,6325,9763,11185,9765,31217,19065,18222,15024,16520,21603,22618,24588,38402,21840,11076,18622,29877,30291,8395,10704,11471,10547,11631,3871,2815,10328,12830,16650,17219,8496,5340,9906,16317,14479,7865,12254,13586,12097
ABLIM3|22885,1724,2854,1714,931,1988,2008,168,179,2961,284,2678,3329,152,277,288,193,103,141,145,1133,7341,13627,417,3642,6492,4684,11716,8250,10235,4699,11474,10391,855,6151,12405,14695,20974,13751,6565,7847
AADACL3|126767,0,0,0,0,0,0,0,0,0,0,0,0,1,0,1,0,0,0,0,0,0,0,0,0,0,0,0,0,0,0,0,0,0,0,0,0,0,0,0,0
AIF1|199,766,919,742,1804,1301,1141,284,187,813,515,2507,1463,165,438,431,353,124,484,253,877,4237,3667,315,2364,2209,3130,3375,3337,3849,5362,1827,1035,3150,822,5401,4519,2574,3363,2268,3265
ACAP2|23527,1829,1984,1390,2070,2595,1805,2567,4423,2828,2812,3518,3143,3065,4683,3216,2024,792,1942,2371,3236,4651,4471,2742,3750,3296,2187,2656,4495,4473,4474,4497,1963,1779,3238,4413,7489,2812,3502,3388,4412
ACTR10|55860,2911,1958,2197,2115,3041,1884,4776,5161,3319,3198,3620,3927,3709,5282,5869,5695,2568,4346,5476,4935,3705,2127,1904,2367,2101,1922,2246,2610,2604,5141,4421,2706,1540,3791,4655,3974,1501,4394,3522,3796
AIM2|9447,9,7,26,59,49,6,6,4,7,2,29,4,2,27,10,5,0,18,7,1,152,142,9,64,86,183,243,250,145,62,76,19,230,5,113,323,61,95,50,76
AADAC|13,0,1,0,1,0,0,0,0,1,1,0,0,1,0,0,1,0,0,0,1,3,11,1,2,1,13,0,0,1,3,12,1,2,0,0,0,1,1,0,0
ACACA|31,1100,980,637,1015,1181,1192,3860,5395,2176,3461,2511,2555,4139,4874,5900,3218,2011,3866,6670,4611,1522,1869,4130,1966,1310,949,1433,2306,2315,2608,2362,1130,1165,2309,2884,2899,2668,2160,1678,3699
ACOT1|641371,2447,3106,2756,607,2876,2617,1971,2621,6099,1574,3232,12427,2440,2049,3439,2678,2021,2155,2647,4224,1060,489,2340,688,1510,1479,1081,1208,945,3111,1964,3800,795,3542,2311,975,945,3799,1253,1502
ADAMTS12|81792,28,38,23,68,80,32,11,67,73,54,144,31,83,65,43,58,8,36,32,77,94,380,165,701,75,473,294,296,73,412,147,34,8,188,173,434,134,151,30,198
ADCK5|203054,239,198,146,60,119,112,174,253,256,178,182,264,198,252,332,266,161,358,338,145,385,238,195,128,262,186,250,276,311,250,167,217,395,228,114,179,177,90,184,242
ACAN|176,72,85,60,720,528,272,93,73,512,488,1339,503,75,259,398,69,58,18,131,454,279,3094,138,1050,2318,5864,4880,7568,356,4877,2477,498,1810,3606,3912,3956,620,1801,1472,2233
ADIPOR1|51094,5535,6136,3689,3932,5280,4377,10309,13912,8428,9975,7402,8523,9574,12714,12827,12993,7346,10668,16223,11339,9610,8852,4514,7510,6162,5600,6269,9221,10272,11416,10457,5896,8094,7673,12947,12925,6938,7988,8782,10362
ADAM21|8747,6,15,6,12,17,6,18,18,12,29,33,15,22,19,20,47,17,10,12,33,6,5,3,2,1,3,7,5,12,10,7,4,7,7,2,17,10,5,8,14
AIPL1|23746,0,0,0,1,1,0,1,1,0,0,1,0,0,0,0,0,0,0,0,0,0,0,0,1,1,0,0,1,1,1,1,0,4,0,0,0,0,0,0,0
ABRA|137735,1,0,5,7,18,5,1,0,3,1,13,1,1,5,2,6,1,1,4,9,2,11,4,1,1,0,40,5,4,4,7,1,2,0,3,8,4,3,4,3
ACTR3B|57180,250,410,238,153,265,275,880,267,405,450,407,611,595,756,1082,483,407,502,641,884,265,325,831,284,227,184,234,294,446,259,264,208,202,843,497,273,320,448,254,425
AGPAT9|84803,10930,12683,5285,1290,6403,4728,4479,1508,20656,1554,5022,9301,4263,7212,12586,3384,2834,3191,15872,11106,629,479,28166,946,524,252,91,782,1570,478,649,1352,379,2250,759,1153,121,1692,1080,1028
AASDHPPT|60496,2414,2683,2318,1811,3356,2106,4226,5304,3665,3371,3892,4308,2991,4386,4144,3646,1581,2805,3885,5178,4749,2840,2955,3086,2133,1936,2081,4874,4066,5601,3928,2709,2709,3552,2759,5808,1886,4604,2312,4904
ADCK4|79934,1117,1009,829,861,910,903,2174,2263,1468,1361,1595,1726,1702,1750,2531,2028,1157,1923,2502,1577,2655,2195,971,2221,1694,1770,1948,2115,2231,2384,2647,1888,2347,2210,2214,2243,2469,1911,1696,2767
AGR3|155465,25,1,4,99,92,8,651,1072,16,945,80,21,169,48,42,34,37,81,91,74,1,0,5,0,2,0,0,2,0,0,0,0,0,0,1,0,0,0,0,0
ADAM6|8755,5755,2998,27114,50325,47922,8255,1329,220,28901,383,106817,12648,298,3123,5653,39,63,1192,264,1706,110622,52058,8356,1372,9584,135521,14901,7743,20620,101714,14727,11946,57492,3670,1686,7124,201443,104919,9602,13625
ADAMTS9|56999,1055,1653,834,1496,1007,1818,3063,1178,2279,1261,3918,3025,1512,1570,3667,1161,507,1509,2114,3896,3076,4367,550,7598,2151,3088,1791,3284,5102,2776,2237,1114,1274,3200,1593,4017,3286,1710,1915,4449
?|728788,0,2,2,0,0,2,1,0,5,0,0,4,4,3,2,1,0,0,0,3,1,2,3,2,5,0,0,0,10,6,2,1,1,3,2,3,0,1,1,1
ACTG1|71,45135,57580,49862,109227,79101,61122,196109,253449,95860,145360,143469,100284,168188,153725,328292,246424,219646,181094,577941,203670,92927,105821,53417,87820,59781,159656,151870,103299,79229,173059,72201,75677,141139,136428,144532,162801,108330,101272,105020,121717
AIFM1|9131,7499,11351,7168,2347,7918,6506,6945,3732,20681,3079,11904,19777,4912,5950,7790,6115,3643,5495,7495,13085,5037,4003,4920,1347,2280,2831,4873,9434,6560,19298,6644,5231,10908,6846,3067,7448,2889,5646,6032,4196
ACTRT1|139741,0,0,0,0,0,0,0,0,0,0,0,0,0,0,0,0,0,0,0,0,1,0,1,0,0,0,0,0,0,0,0,0,0,0,0,1,0,0,0,0
ADCY3|109,506,593,344,1325,1059,1039,1351,2576,1493,3267,2789,919,1248,2392,2548,2259,1547,2496,3568,1559,2935,3890,1116,2736,2290,2634,2025,2615,3654,5871,2856,1819,1887,2440,2313,3333,1445,3636,4302,5405
ABHD15|116236,975,1192,791,707,1170,655,1657,2054,2057,1007,1426,2133,988,1414,1614,1300,798,1457,1357,1744,1242,1403,893,905,1338,1090,883,1667,2075,1999,1470,1348,1918,1575,1553,1795,1751,1958,1074,2091
A4GNT|51146,30,7,6,3,0,14,27,16,9,0,8,11,12,29,56,5,5,7,7,7,180,113,2,33,43,8,6,36,69,10,13,5,24,40,25,68,14,3,31,2
ACSM3|6296,4346,6005,4841,1237,6508,3323,4385,2231,8943,2448,3318,13433,3681,3174,5342,2989,1365,2369,3961,9659,2226,1862,2846,1677,1171,406,682,2149,2690,1560,4184,1490,1107,2189,5849,2903,1924,4454,605,3718
ACSM1|116285,14,98,5,18,12,13,42,40,257,29,30,191,19,52,57,82,6,95,49,107,12,183,11,0,1,13,15,113,857,28,17,163,58,10,30,267,4,150,29,41
AIMP1|9255,2184,2052,1529,1598,1759,1665,5244,5144,2674,3287,2773,3213,3365,4106,5022,4089,2027,3472,5178,5366,3726,3566,2353,2543,1975,1753,1960,3288,3639,3651,4358,2201,2401,3726,5142,4988,2162,2907,2656,3150
ADC|113451,224,226,134,171,160,162,167,160,245,269,265,393,374,322,414,232,151,298,302,242,472,342,119,380,465,217,238,726,746,471,576,359,581,384,383,443,297,400,691,413
ABCC5|10057,1525,1096,762,966,679,2318,3920,4720,1656,2835,2490,2897,5589,3871,5395,2461,1725,4555,4666,2990,3287,2139,8362,1439,1638,1229,797,2280,2395,2238,1417,680,1321,1018,1973,2890,2301,1619,930,838
ABCA8|10351,1046,1658,952,2020,1802,3032,73,61,2133,812,2309,1887,258,1013,997,136,58,87,140,1515,237,394,2141,38,121,389,54,49,185,424,445,102,1,239,163,446,85,65,14,396
ACOT9|23597,876,795,592,787,814,661,1872,1845,1170,1197,1424,1319,1185,1688,2292,1742,866,1989,2700,1893,1633,1729,969,1350,936,1261,2152,1408,1501,1952,1639,871,821,1104,1748,1993,1424,1153,1212,1954
ACAD8|27034,2815,2668,2343,984,2193,2320,3838,2576,4158,2367,3007,5601,2755,3171,4206,3255,1274,2980,3899,4299,1523,1089,2567,764,966,585,656,2146,1998,2207,1475,1174,1563,2016,1056,1772,783,2162,835,1383
ADH4|127,16,9,7,38,21,15,10,27,18,39,87,5,10,44,59,9,8,67,15,71,0,0,0,0,0,22,3,1,0,5,0,1,0,0,2,0,13,5,0,0
ACADS|35,3740,5026,3359,1158,2658,2010,3327,2354,4243,1549,3596,5497,2561,2611,3250,3170,1675,3394,3310,3301,4632,2593,7719,1953,4815,2033,2797,3190,3116,3967,4676,3854,4001,5955,2705,3364,5366,2030,2857,5390
AGAP1|116987,1039,1565,793,443,657,877,1198,1317,1680,994,1132,1562,1502,1511,1484,1098,579,1007,1977,1462,1100,1560,808,674,974,691,647,1439,1611,1869,2426,1271,1351,864,1052,1493,1469,1789,1855,1941
ADAM22|53616,216,176,108,268,336,191,990,780,332,871,534,396,817,1025,947,1111,282,700,865,855,353,507,607,951,463,61,39,321,387,284,1774,437,31,430,1004,1106,693,1773,428,1658
ACVR2B|93,789,866,480,411,430,738,1710,1373,965,938,822,1075,967,1368,2145,1170,816,844,1034,2055,762,962,637,1226,924,363,395,843,1447,793,1252,687,207,613,991,1020,495,1286,813,1206
ACTR1B|10120,3960,3535,2373,2273,3138,2451,5246,6472,4635,4911,3919,5276,5010,5793,7464,6660,3691,7145,9176,5436,5357,4894,2567,4063,3686,2660,3453,5197,7007,6216,3952,4621,5533,6542,4333,5838,4735,5520,4794,7607
AIFM2|84883,692,621,395,463,521,726,2100,2161,1488,1553,1277,1336,1265,1460,1434,1273,864,1779,1539,1161,923,1394,1037,1087,1233,1156,1774,1046,1102,1948,844,1931,1582,1368,1678,1689,1783,1912,1700,2174
ADAMTS1|9510,1571,3866,2635,13164,3868,4750,19760,4789,6656,5570,25272,6079,8795,9699,40490,9339,25924,7225,17892,49628,7561,5504,3131,20461,4262,9556,4138,11425,5842,16096,8508,3467,4979,12878,7292,25436,16805,9414,5935,16591
ADORA1|134,252,380,459,628,689,1150,757,2724,520,1098,2245,1919,306,647,256,738,238,1369,322,444,66,309,31,315,193,303,897,77,89,582,54,195,188,1844,612,1347,407,29,887,500
ADCY4|196883,440,340,229,459,349,494,396,289,501,307,1090,647,422,622,2203,360,313,402,668,720,1040,836,406,718,968,927,416,1607,942,1224,1289,745,456,973,731,1192,228,1426,1407,931
ADRA2C|152,405,382,395,1815,1091,341,740,1497,721,1756,1787,397,1320,2619,2696,1820,941,2684,2330,1347,115,248,69,330,70,844,190,268,103,534,253,120,211,755,10,100,417,498,451,613
AEBP1|165,4249,6090,3606,21380,12388,8164,6618,11293,18946,22553,34445,11605,13664,21255,20178,27835,8870,15646,14098,15193,3834,35716,8524,37557,14018,25505,29628,5868,4165,34442,17199,9820,1627,35970,14253,4449,8629,8697,7040,13571
AGXT2L2|85007,1128,1175,905,607,928,1113,1011,522,1545,820,1662,1896,962,1521,1460,1194,716,961,1651,1216,4671,4254,983,2956,2618,1921,1762,3856,5264,1976,5539,2367,2778,3881,3924,4975,2113,2454,4019,2030
AGTR2|186,15,2,27,3,49,48,3,6,19,12,253,33,6,17,16,11,0,5,16,39,2,0,3,0,0,6,0,0,4,0,0,0,0,0,0,0,0,0,0,4
ACCS|84680,720,457,404,161,219,733,425,282,1038,377,434,557,659,389,622,289,356,544,440,513,2306,1009,570,1000,983,1020,375,1025,3429,630,934,336,1511,696,239,604,408,585,623,707
ACTB|60,64947,97097,70212,150578,101611,95881,283780,317640,151412,177528,222486,156022,193772,204005,362895,327929,315561,236808,720242,282627,182787,211497,99980,176394,122458,338640,370244,221764,171023,392008,124781,119863,269752,322500,286897,300541,224713,178303,186153,184207
AGR2|10551,71,63,166,1875,498,290,2533,4041,644,2491,754,451,397,44,272,244,121,924,423,198,9,3,665,1,1,0,0,0,0,0,0,0,8,0,0,41,1,0,0,1
ACSL6|23305,175,178,208,95,249,189,48,30,365,220,232,625,331,282,319,259,119,269,231,397,98,44,109,9,13,33,22,478,39,23,16,17,66,6,16,71,16,352,299,29
ACSL4|2182,5095,7039,7315,20351,19971,8762,19961,14634,17715,10256,23402,16745,8478,15258,16966,11564,3975,13912,12297,14916,4586,5908,11167,6932,3202,4040,4717,6697,7060,15307,5000,2763,2750,3638,6059,8970,3374,4709,6819,7480
ACSBG2|81616,123,187,88,2,45,39,2,2,114,0,7,218,1,18,7,0,0,1,3,63,7,4,1,5,4,8,4,16,6,9,5,4,12,5,3,3,14,6,3,7
AKAP6|9472,681,533,312,462,582,632,1098,648,1254,665,825,1259,1574,1500,2003,964,529,612,1754,1545,750,502,1326,840,1502,261,366,1221,965,1150,2040,864,44,1158,1653,1340,422,1528,1161,1244
ADAMTS2|9509,39,141,59,209,190,121,32,167,330,285,750,120,137,218,170,187,66,229,47,191,421,1513,371,558,345,1340,744,779,365,1236,608,122,203,1152,705,912,408,246,184,861
ADAD1|132612,0,0,0,0,0,0,0,0,0,0,0,0,0,0,0,0,0,0,0,0,0,0,0,0,0,0,0,0,0,0,0,0,0,0,0,0,0,0,0,0
ADAMTSL2|9719,1353,1546,831,1785,1415,1832,933,2881,2936,4989,3935,2259,3854,5182,3746,2803,2575,2938,3097,3582,384,891,1061,267,320,694,554,2029,814,1652,1119,364,365,1257,50,998,390,2327,1248,1777
AHSA2|130872,594,405,294,190,174,1445,223,235,619,292,379,419,315,279,715,160,113,205,314,194,2525,2414,1862,1695,2188,1098,402,1637,4011,387,1231,339,1306,601,375,749,397,479,572,436
ADAM8|101,69,112,118,310,177,71,110,75,120,44,269,77,78,52,120,37,40,115,48,60,647,769,111,547,467,747,3053,546,607,324,264,225,1142,186,1900,496,712,146,524,457
ABCD4|5826,2188,2753,1525,1201,2176,1447,2752,2581,3815,1649,3003,3421,1744,2032,3274,2047,1100,2300,2516,2527,3449,2032,811,1735,3142,1989,1194,2253,2045,3898,2983,2699,1801,3197,2707,2092,2090,3234,2398,2964
ACP5|54,7045,7030,4959,1285,6095,2675,384,401,14121,358,10179,8131,187,385,352,237,204,329,314,1676,12011,3683,195,1926,1266,3337,1311,7497,3252,2740,1001,2247,5295,2179,25542,13255,3582,5250,474,933
ADAM23|8745,13,18,44,102,59,31,38,43,67,65,148,269,45,102,313,89,16,89,311,185,38,174,23,11,17,131,42,11,16,136,31,3,13,7,10,15,118,15,19,32
ABCA7|10347,306,211,204,325,478,489,881,1110,572,522,761,639,518,709,1107,621,426,961,729,638,590,530,635,219,642,778,263,1096,1201,267,306,258,1041,398,286,610,305,219,329,424
ACADL|33,1478,1374,1024,439,820,944,2159,2263,2022,1423,1089,2538,2016,1936,2286,1591,1117,1376,2362,2519,4063,2026,2252,1104,1979,162,79,4785,9112,3451,3306,2406,3042,1451,1387,6438,2457,4055,3600,3684
AAAS|8086,1105,1091,746,794,844,1120,2276,2176,1649,1318,1646,1913,1552,1771,2921,1799,1250,2122,2619,2221,2443,1931,1334,1567,1949,1726,2063,1877,2187,1978,1983,1454,1740,1998,2099,1981,2152,1563,1622,2674
ACOT8|10005,1362,1287,848,505,796,631,1721,1379,1220,981,1067,1500,1348,1553,1965,1806,1428,1501,1836,1749,1351,850,1130,674,860,1048,1669,1083,972,1317,759,752,1040,985,757,925,1312,894,976,1526
AHSG|197,2,2,1,2,1,3,17,6,11,20,15,7,20,10,34,11,10,12,18,8,2,3,0,1,0,3,0,1,0,13,1,0,0,3,7,3,0,11,0,0
ABCB9|23457,213,233,120,120,150,183,401,447,268,319,302,354,341,390,427,299,158,526,426,297,246,330,193,597,284,273,205,168,137,311,178,102,126,300,186,209,686,81,157,292
ABR|29,1924,1944,1749,2539,2669,2690,2578,3012,3486,2551,6091,7389,2710,4147,4644,2656,1332,3063,2759,3410,4398,4870,16802,2738,3846,3462,1832,5200,7116,5651,4776,3637,5435,3283,3911,7895,3657,11156,5289,5294
ACOX3|8310,513,720,475,365,680,440,1263,1293,997,848,940,1204,976,1424,1921,1596,769,1643,1907,1375,867,714,726,864,840,1029,1144,1050,752,1314,825,591,1017,848,1238,1118,1557,515,998,1112
AHDC1|27245,1111,1065,618,994,589,1052,1739,1241,1399,1637,2394,2259,3434,2776,5071,2079,2085,2045,2746,2398,2377,2662,644,1704,2039,1828,1451,1535,2150,2904,2452,2294,2137,3380,1993,2300,2250,988,2405,2188
ACSBG1|23205,6,13,9,17,16,18,17,26,17,24,24,18,31,15,19,20,14,18,20,17,5,22,16,89,11,15,9,19,3,23,6,5,14,31,10,10,6,15,33,23
ACP1|52,4490,4480,3650,2047,3699,2888,6651,6538,5557,4187,4038,6799,4735,6406,6689,7160,3360,5349,7047,7260,5878,4841,4468,4616,4365,2567,4355,5372,6297,6558,8042,4290,4343,7081,7962,7286,5085,10110,5802,9220
ACER3|55331,862,867,711,819,1171,780,1308,1201,1472,1006,1455,1425,998,1166,1503,975,472,936,1308,1766,2184,1471,682,1257,1003,1028,1103,1749,1254,2016,1240,515,867,686,1495,2632,1805,2215,1095,2386
ACTA1|58,4,1,0,0,1,5,2,6,2,1,2,1,5,6,16,8,12,1,370,58,2,7,0,1,2,6,1,9,7,1,0,2,1,1,2,4,1,0,2,2
ABL2|27,897,1183,617,1751,1072,1085,2207,1781,1550,1200,2381,1800,1962,2575,3424,1378,785,1399,2171,3066,3252,4050,1404,7397,3364,2782,2829,3038,3641,5049,5129,1961,1950,2576,5462,5023,3571,3512,4088,4448
ABTB1|80325,1209,1034,767,1131,975,902,1022,1262,1300,975,1689,1466,1395,1318,2163,1431,968,1707,1972,942,1665,1965,1432,784,1472,1088,1183,1630,1633,2161,1639,1161,1664,1127,1760,1740,768,1296,2598,1393
AGGF1|55109,1716,1854,1339,1505,1991,1701,3685,3846,2863,2255,2846,3471,2358,3675,3822,2690,1195,2443,2457,4270,2225,3106,2207,2233,1995,1439,1978,2952,4515,3962,3396,2732,2069,2662,2538,4592,1794,4295,2957,4010
ABHD12B|145447,13,5,9,5,7,16,3,6,7,5,40,23,2,0,4,2,0,4,4,4,9,16,3,22,14,7,10,8,20,25,14,8,2,18,9,17,19,24,8,8
?|100130426,0,0,0,0,0,0,0,0,0,0,0,0,0,0,0,1,0,1,0,0,1,0,0,0,0,0,0,0,0,0,0,0,1,0,0,0,0,0,0,0
ADM|133,683,3044,841,719,813,1418,236,317,1329,950,4617,1754,1003,649,2099,2629,2000,816,5650,1180,13186,6310,2038,27834,9723,10127,19452,12814,11928,11233,12040,7213,8069,21155,29684,10050,15261,19212,6270,13290
AKAP12|9590,2980,8615,4450,13980,8085,5693,9511,15402,13543,12263,24927,9397,8340,12726,17010,9807,3877,21527,23370,20782,8385,29791,2028,9933,5762,5618,5046,12243,2904,8219,11545,11042,18457,17700,21408,37471,1487,71910,17151,23053
ABI1|10006,2768,3122,2226,2449,3214,2346,5118,6041,4071,3348,4061,4367,4014,4973,5755,3891,2103,3515,5392,5690,4929,4615,2668,2702,3264,2889,3118,4569,5870,5441,4562,2936,4104,3646,7265,7158,3656,4101,4345,5508
AGER|177,71,39,48,43,14,134,34,61,75,38,53,49,29,30,89,13,18,32,59,60,352,349,57,93,310,180,101,297,787,56,126,49,139,65,48,140,113,57,65,82
ADAD2|161931,1,2,2,1,3,10,16,1,2,2,12,3,13,18,7,18,2,9,47,7,1,5,4,3,0,9,0,0,0,2,5,2,1,1,1,3,1,0,8,0
ADAMTSL4|54507,84,118,120,260,138,259,246,167,340,255,513,336,167,223,459,132,153,150,170,337,1141,3382,490,2155,2002,561,522,854,1362,567,1775,1060,1942,1322,3870,1045,1233,999,230,2820
ADI1|55256,20360,22125,17050,4947,15094,12741,10277,11140,23687,7980,13964,29294,8401,10896,11503,14016,7049,12138,16450,18798,5305,4726,7216,2630,7603,5941,17078,6439,8201,8210,21928,6553,9098,10403,5650,8207,12389,7245,7957,15740
AFM|173,5593,6549,5305,188,1255,1407,0,4,8592,2,2596,4980,2,62,1,1,0,0,5,1386,9,88,1,0,24,4,0,1,6,2,224,27,9,76,2,7,1,3,43,22
ADORA2A|135,334,256,153,269,266,260,371,1316,340,1198,686,314,769,1155,911,536,518,851,995,484,1935,666,471,2131,612,930,793,1084,1494,1052,797,812,1009,1217,1465,1486,423,814,1458,1601
ABCA13|154664,87,17,6,22,19,11,382,415,39,480,25,5,455,588,1156,473,143,277,805,468,1,2,42,94,4,2,0,1,4,20,2,0,1,3,2,7,0,0,1,8
ACRBP|84519,110,48,47,94,74,34,66,314,158,92,146,104,61,55,58,50,26,66,50,128,269,190,36,211,362,178,148,194,423,194,273,126,310,197,346,411,323,235,143,213
?|391714,1,2,0,0,0,1,0,0,0,0,1,0,0,0,1,0,0,0,0,1,3,0,2,2,1,0,0,1,1,0,0,0,0,3,2,1,2,2,0,1
ADAM18|8749,0,0,0,0,0,0,0,0,0,0,0,0,0,0,0,0,0,0,0,0,161,151,0,0,1,71,113,1,0,3,40,0,9,1,0,5,303,3,56,7
ACHE|43,58,77,38,92,35,39,407,89,66,159,102,69,149,179,451,140,126,172,217,218,397,259,54,456,137,545,2380,56,45,78,78,48,102,146,402,81,715,39,42,322
ABI3BP|25890,1193,1644,826,4193,1797,933,2315,8818,2564,3110,4010,2935,3268,2645,4039,1131,1087,1585,6297,2879,2606,5133,235,296,9573,1150,948,4026,1774,13210,10064,2000,357,414,5661,11943,11738,7353,4153,5380
ACTL7A|10881,0,0,0,0,0,0,1,0,0,1,0,0,0,0,0,0,0,0,0,0,0,0,0,0,0,0,0,0,0,0,0,0,0,1,0,0,0,0,0,0
ADCY5|111,648,499,227,517,234,656,3186,2200,893,1863,1091,864,3443,3878,5850,3230,1968,3055,4701,3654,1519,2513,2292,529,1364,370,333,2230,2860,2991,4425,1761,578,1897,2309,5656,59,1195,2852,2670
AK2|204,8766,10939,7828,3659,6717,5528,11370,11902,10693,6728,7911,13796,7264,9255,12465,9562,4977,10362,11708,10500,10216,7874,3237,8244,5678,6865,8631,10048,5971,12070,10806,7210,9105,8744,12111,12048,7105,6770,8106,10259
ABCF1|23,2271,3238,1846,2207,2050,2689,6634,5933,4730,4860,5340,5536,4956,5344,7434,4921,3081,6256,7610,5887,2924,3353,3064,1970,2632,2469,2393,4643,4830,6584,3583,2710,4218,4654,4477,6247,1894,5408,3431,4496
AARSD1|80755,736,868,561,659,873,744,1939,1481,1392,884,1386,1570,1211,1371,2523,1687,1193,1619,2015,1824,1195,1239,958,1071,1040,1142,1151,1692,2095,2096,2350,1688,1621,1976,3718,1956,825,2333,1605,1832
?|340602,4,0,0,3,0,3,0,2,3,5,4,0,0,0,2,1,2,0,2,1,5,6,0,23,20,0,3,0,2,6,4,0,1,0,7,3,7,0,8,3
ACPT|93650,0,0,0,0,0,0,0,1,0,0,0,0,0,0,0,0,0,0,1,0,0,0,0,0,0,0,0,0,1,0,0,0,0,0,0,0,0,0,0,0
AHCYL1|10768,10017,12602,8911,7334,12003,12177,20435,20332,18064,14149,17821,24602,16945,23537,27889,22774,10612,18562,25348,28867,9534,9606,8481,8506,9556,5570,8406,10307,11435,17609,15462,7002,6430,12843,16921,14222,10878,9844,10577,13701
ADAMTS3|9508,34,90,60,142,221,124,395,211,114,117,442,207,246,328,478,372,111,174,317,506,435,418,78,319,554,230,213,139,76,668,138,84,145,79,63,73,223,65,299,1096
ADAP2|55803,454,494,318,446,517,334,179,175,643,296,541,616,88,260,284,158,78,282,171,529,2348,1909,251,1021,1326,1721,1484,2140,1970,2847,901,721,1740,864,3402,2782,1720,1825,885,1948
ACTA2|59,5270,8696,5450,14194,11528,10902,7464,6541,33503,14441,34709,14550,6129,15367,10799,16625,4041,6214,9092,29658,7893,49294,8168,17331,13275,46496,64042,53572,8405,98063,34332,9519,8139,36334,22156,61790,12324,32150,18368,23961
ADAMTS16|170690,372,490,266,1060,691,613,941,35,902,271,2085,1448,541,321,1355,289,144,260,426,1078,9,67,34,8,13,88,30,445,773,22,27,283,8,225,14,423,72,27,19,5
ADAMTS5|11096,727,607,440,825,1222,986,2663,401,953,1006,1517,787,929,1195,1511,1045,469,640,1231,3791,2674,2771,1757,3291,3401,2962,1311,1554,1705,4848,1504,1048,1001,4962,3031,4186,1302,2154,2247,7549
ADRB3|155,0,0,0,2,3,3,0,93,0,69,8,0,9,5,6,5,4,20,3,2,0,9,0,7,0,7,0,0,0,4,0,2,0,1,0,1,0,3,0,0
ADCY6|112,1854,2476,1271,2547,1664,2872,5817,7341,4214,6507,4804,5313,8819,7412,11263,6808,4229,8521,11348,5348,2820,5879,4612,2241,2925,1622,1489,5117,6037,4769,3437,2425,2549,3810,2309,4442,5112,2689,3509,4759
AGPS|8540,2963,2870,2313,2459,5096,2622,4643,6768,4759,3693,4395,4351,3547,5167,4641,4024,1523,3352,3928,6044,5021,7955,2047,3874,4352,2173,4062,7286,6315,6821,4490,4359,2928,5887,6118,10866,4337,8660,4201,8709
ADAMTS4|9507,62,632,220,5123,674,536,203,120,884,146,3389,90,417,578,2148,253,1780,583,1089,5635,4782,3235,935,19211,2771,10742,2767,3374,3049,8981,2766,1725,1644,4787,2975,11086,2170,3128,2194,5094
AGAP7|653268,6,3,8,3,1,14,6,27,10,7,11,6,3,2,19,1,1,5,34,8,40,19,11,7,9,17,7,112,54,4,6,7,7,4,4,11,3,2,31,7
AGBL5|60509,2905,2736,2078,1442,2668,1976,4894,4034,3657,2910,2795,3777,3577,4002,5272,4474,2537,4017,5728,4413,3208,4077,3807,3487,3391,1202,2897,3494,2844,3058,4199,1898,2773,3034,2525,4327,8795,4291,3390,4851
ABP1|26,40228,53322,21770,5210,29741,6154,25580,64233,29079,28902,27267,63905,41899,12856,7596,13564,21407,17527,37826,17383,33341,3492,276,243,8834,3272,11367,31911,26607,13064,9001,45571,13603,141,80,18263,1830,112,22325,2049
ACO2|50,17820,26205,14688,6527,15343,14186,23965,13173,35874,11177,20553,42873,20593,20449,26751,22243,13831,17102,25302,29837,17770,11951,24740,7562,13619,7366,6480,19242,15982,19850,30399,19356,18554,23973,12782,15250,10446,11309,17197,15158
ACCN1|40,26,37,35,69,37,35,426,100,39,13,164,78,138,153,268,325,451,410,364,96,5,7,493,7,1,73,50,30,7,65,3,0,2,4,0,9,127,51,4,7
AJAP1|55966,551,580,291,372,266,378,954,933,506,1091,857,574,1801,1620,886,764,408,636,1486,251,73,276,79,61,42,80,48,119,362,428,407,401,234,339,160,332,14,619,346,98
ADRA2A|150,219,190,60,230,302,337,404,207,296,1333,546,210,511,901,689,402,176,269,328,335,212,441,197,17,57,2509,192,38,39,449,74,44,80,77,52,32,183,69,113,701
AADAT|51166,292,326,382,140,416,272,348,248,614,237,405,584,345,345,568,505,203,249,510,555,156,158,918,139,257,126,89,343,310,340,280,185,169,491,186,297,321,342,164,292
AHSA1|10598,2767,3407,2091,2153,2319,1943,6055,6022,3662,3819,4203,4926,4554,5034,6578,5045,2923,5686,6729,5955,3535,2597,2591,2805,2311,3614,4555,3065,2418,6501,4240,2210,2746,4055,4228,3650,2680,3988,3410,4672
?|57714,998,1006,520,873,1137,857,2753,2323,1943,1984,2309,1720,2504,2176,4962,1595,707,3503,2404,1957,3048,2930,1597,1840,2252,980,753,4349,4478,2868,3854,1563,1784,1710,3579,7489,3676,1988,3181,4871
ADCYAP1R1|117,0,0,0,0,2,0,0,0,0,0,2,0,0,1,0,0,0,0,0,1,1,0,5,7,1,0,0,1,1,4,2,0,0,1,1,0,1,0,0,1
ADAM7|8756,1,5,0,0,4,1,1,0,1,2,5,6,0,0,0,0,0,0,0,1,0,2,0,0,0,50,14,0,0,0,2,0,0,0,0,1,25,0,0,0
ADAMTS14|140766,1,10,8,7,17,13,16,114,14,27,24,9,10,43,8,4,38,35,33,14,72,261,23,449,92,541,172,168,60,266,74,4,30,32,101,70,22,48,129,30
AADACL2|344752,0,0,0,0,0,0,2,0,0,1,0,0,0,0,0,1,0,0,0,0,0,0,0,0,0,0,0,0,0,0,0,0,0,0,0,0,0,0,0,0
ABCA10|10349,73,28,39,32,10,274,14,6,53,40,38,48,8,25,27,12,3,9,20,23,52,38,39,59,74,60,7,42,83,31,37,10,16,21,9,31,12,19,36,13
AEN|64782,238,607,388,797,698,376,2288,2263,821,1538,1061,636,869,1163,1283,915,505,1082,948,1735,2319,2732,859,1581,813,2280,2133,3431,3175,3455,1534,919,1721,5133,3448,3746,1903,2656,1153,2042
?|391343,0,0,0,0,0,0,0,1,0,0,1,1,0,0,0,0,0,0,0,1,1,0,0,0,0,2,0,1,1,0,0,1,0,1,0,0,0,0,0,0
?|100134869,6,7,3,4,6,9,18,11,11,15,10,16,30,26,32,42,14,20,39,22,3,10,28,8,15,4,9,14,50,7,9,8,11,14,0,17,8,7,13,21
ADAM5P|255926,0,0,0,0,0,0,0,0,0,0,0,0,0,0,0,0,0,0,0,0,0,0,0,0,0,0,0,0,0,0,0,0,0,0,0,0,0,0,0,0
ADAMTS19|171019,16,36,37,65,22,151,1,2,73,1,393,153,0,6,3,2,0,0,1,21,0,0,0,0,0,0,1,0,0,0,0,0,0,0,0,0,0,0,0,0
AFG3L1|172,210,197,130,187,59,396,349,284,318,283,292,321,321,334,686,154,213,237,471,261,609,613,785,343,550,373,276,663,834,500,244,122,558,415,184,500,166,225,357,194
ACRV1|56,0,1,1,2,0,0,1,2,1,0,0,1,0,0,1,0,0,0,2,0,5,3,1,3,0,1,2,5,1,1,2,4,0,0,2,7,4,2,0,1
ABHD13|84945,771,823,732,1322,1509,785,2083,2809,1324,2365,1657,1392,1836,2804,2626,2392,1087,1779,2802,2803,1351,1276,1086,1071,1043,829,869,1607,1984,2394,1282,791,840,1621,1515,1985,1015,1554,1310,2270
AFAP1L1|134265,459,400,268,496,438,500,367,935,553,719,1479,1113,1027,1167,1320,717,515,790,1018,905,2213,2909,1131,1773,2452,2196,1715,2619,2574,4518,2848,2167,803,2643,4895,5024,1657,2270,3620,3470
ADAT3|113179,64,92,62,106,40,61,190,116,136,54,172,92,188,136,172,121,88,202,140,126,49,64,52,87,119,80,118,109,109,110,121,96,193,199,60,43,64,58,146,86
ADRB2|154,66,30,18,99,60,28,146,155,101,103,153,105,335,288,503,373,99,187,457,354,281,140,302,104,132,60,77,191,282,223,210,200,143,73,140,226,93,130,171,155
AHRR|57491,34,49,31,15,13,29,94,145,32,165,95,90,132,212,151,68,102,107,107,173,418,294,99,165,85,171,365,61,36,317,180,63,29,306,54,58,64,157,37,224
AFF3|3899,181,195,132,494,381,301,125,963,358,778,620,251,373,630,320,527,192,441,846,415,817,1460,84,217,1574,263,141,1802,2570,1001,4611,1426,1216,1469,2736,3623,156,2795,1320,1591
AGRN|375790,5943,9560,5765,27074,11726,9666,50687,34684,15607,23774,28697,23398,33377,30381,50839,28003,19243,38874,45079,20221,24994,34062,5852,33753,23337,19548,20541,34071,14884,41969,21312,30381,34124,29525,23129,25544,34783,15887,43167,40010
AACSL|729522,35,23,8,11,12,9,45,3,48,20,17,29,40,37,36,34,9,22,21,12,240,34,0,3,120,48,63,35,116,42,302,50,54,200,33,81,20,26,163,81
AGXT|189,1071,610,1437,22,865,929,9,0,3935,3,84,4821,37,322,54,27,1,2,48,791,43,90,0,1,16,18,8,52,9,49,79,26,29,59,3,17,43,109,69,10
?|553137,1812,979,803,289,254,822,1003,774,512,534,310,632,2340,2593,3207,1523,509,1088,3355,895,1823,1944,1139,414,932,288,28,796,2106,1522,892,836,560,2621,1039,4224,271,2341,2056,647
ADCY9|115,2944,3845,1639,1687,2163,2042,4032,3958,5017,3002,3689,4611,3844,4353,4858,3500,1647,3676,5097,3738,4041,3010,2447,2084,2968,1476,1287,4455,5598,3885,5417,4098,2778,4098,5173,5883,4203,7197,4893,5422
ADCY7|113,269,261,257,614,550,356,295,210,622,378,837,427,237,373,355,302,152,297,250,410,3156,3533,728,1255,2136,1402,930,3675,5437,2130,1375,753,2779,541,2049,4164,2770,1290,1439,2916
ADCY1|107,288,437,170,183,152,677,686,451,488,780,892,760,809,1076,1423,605,261,693,694,1283,243,793,5804,446,319,356,248,420,186,670,685,181,48,303,229,444,137,317,547,481
ADORA2B|136,39,19,20,43,18,15,58,68,34,108,59,5,94,63,83,48,18,28,116,97,78,88,64,495,63,147,70,179,70,203,145,28,51,178,100,146,58,124,96,290
AASS|10157,1424,1821,1225,915,1199,2700,1409,1244,5493,1044,2390,3471,1031,1556,2614,890,401,1036,2099,1676,433,807,1988,1012,1205,685,489,1204,3202,1305,1216,589,276,970,706,1123,307,1807,898,542
ABTB2|25841,651,2554,1349,1101,1078,920,3629,5858,2445,3276,3189,4128,4125,4829,4744,2624,1213,3260,3656,5185,170,495,760,369,482,346,874,563,208,499,1771,1947,1085,768,310,400,401,2001,354,559
ABL1|25,3101,4116,1980,2768,2554,3148,6584,4859,5261,4157,5364,5841,5734,6004,8233,3375,2586,4678,5112,6341,4785,5531,3069,5217,2772,3664,1695,5703,6600,7950,3886,4724,2730,7570,5242,5663,3179,7666,5781,5002
ADAMTS8|11095,76,59,43,129,67,86,176,81,155,184,305,190,182,209,321,329,109,130,285,335,33,33,25,45,21,44,72,60,35,45,55,24,11,22,14,97,6,48,37,46
ABHD10|55347,5193,5582,4197,1696,4515,3007,4649,5433,6402,3342,3595,8487,3679,5210,5158,4381,1938,3964,4072,6087,3094,3268,5395,1298,2326,1534,2236,3355,2276,4229,3773,1798,2026,2916,3629,4352,2254,3082,5051,2295
ADCK2|90956,818,882,532,1107,1026,697,2646,2894,1361,1659,1589,1346,2232,2403,2811,2581,1688,2964,3316,2474,3052,2852,1620,3151,3065,1465,2580,2194,2972,3131,3315,1793,3044,2455,4381,3265,4818,4128,2454,3943
ABCG4|64137,20,7,3,11,7,10,57,65,10,84,18,6,44,140,129,99,67,87,107,66,21,18,25,15,12,32,9,27,23,62,16,10,13,26,32,23,10,21,13,16
ABCB11|8647,0,1,1,0,0,0,1,4,2,2,0,1,0,0,1,0,0,0,1,0,0,0,5,0,0,0,0,1,0,0,7,0,1,1,10,4,0,1,2,1
ADAM3A|1587,0,0,0,0,0,0,0,0,0,0,0,0,0,0,0,0,0,0,0,0,0,0,0,0,0,0,0,0,0,0,0,0,0,0,0,0,0,0,0,0
ACRC|93953,20,18,9,9,8,33,25,19,23,22,14,23,12,30,31,36,15,35,35,28,68,72,42,51,54,41,50,54,67,40,69,13,34,27,24,53,15,18,34,20
ACSM5|54988,2060,2768,1271,390,742,931,152,18,3621,48,1184,2329,97,108,282,43,35,80,787,911,4381,3707,8,198,1610,1107,1997,2597,6461,4756,3527,1549,888,1413,716,1818,2004,2250,3558,1570
AAA1|404744,4,6,8,3,12,7,1,0,13,0,10,30,2,0,10,0,0,0,3,5,0,1,0,0,0,4,1,0,0,0,0,0,0,0,0,0,0,0,0,0
ADRA1B|147,175,200,117,74,122,186,76,425,421,328,378,349,162,200,89,234,82,238,266,164,319,312,127,325,614,1056,1151,805,314,806,1937,321,354,959,359,626,1166,475,1209,495
AIDA|64853,1200,1315,1252,2180,2707,1540,3705,5898,2235,3049,2841,2453,2560,3926,3219,3569,2223,4912,4080,3330,3602,3675,1010,3145,3072,4137,5775,4991,6080,5219,4302,3583,5518,3067,5923,7287,2808,6969,4462,4131
ACE|1636,1850,5746,716,315,1681,1199,429,900,7781,603,1388,3832,456,293,424,123,58,365,295,1466,4850,7759,779,2772,3823,2009,514,1433,2755,3331,4228,3968,3722,4358,10150,3217,3722,3396,11386,6246
ADAP1|11033,793,910,627,787,691,758,2985,3068,1425,2361,1368,1676,2334,2451,3064,2590,2093,2868,3466,1720,714,544,126,172,476,388,403,637,586,769,257,563,771,440,518,714,877,533,575,456
AK5|26289,73,141,29,113,167,65,80,62,161,88,153,92,32,95,221,75,28,30,123,184,26,23,6,2,17,18,41,40,0,34,24,6,22,6,16,5,14,42,65,15
ACBD6|84320,575,689,478,584,719,561,1112,967,895,639,1051,980,979,1053,1304,1220,658,1003,1599,966,1118,1219,388,972,949,1199,1199,1160,1228,1858,1347,1039,1501,1456,1472,1490,723,1310,1456,1484
AGPHD1|123688,479,420,309,78,234,337,405,291,563,178,308,581,254,393,306,337,116,244,316,458,51,57,119,18,60,38,40,74,53,106,116,33,20,57,40,98,72,92,47,74
AIMP2|7965,983,1225,746,506,789,651,2708,1235,1534,1094,1500,1678,1245,1745,2015,1907,1212,1749,2014,2433,1050,932,1074,520,480,795,1610,1247,994,1388,749,629,1053,1861,748,1444,590,1522,690,1407
AKAP5|9495,364,177,108,407,223,115,587,1485,239,1279,375,232,1013,1330,997,958,264,749,1637,612,293,202,54,61,222,353,161,544,538,406,224,103,380,86,84,796,162,192,223,140
ADAL|161823,721,713,460,267,357,628,1294,1427,919,979,760,1271,1017,1291,1959,1566,798,1096,2034,1847,604,773,1262,187,284,227,148,757,887,508,569,460,324,681,402,1018,471,671,377,414
ABCF2|10061,1829,2249,1490,1825,2075,1761,5159,6442,3363,4155,3645,3769,3946,5004,5803,4615,2388,5311,5754,3970,3092,3762,4609,2858,2128,2501,3820,3753,3675,4874,2449,1750,2715,3503,3250,4894,3025,4008,2643,4306
ACVRL1|94,1351,1556,942,1887,1668,1406,2463,3834,2022,2869,4875,2395,2089,3085,3175,2788,1531,2776,2532,4634,6168,5577,1414,3168,3481,4441,2672,4327,3465,8955,5928,4394,2505,5716,4492,5992,1655,5590,6329,6339
AGBL4|84871,183,200,137,48,113,106,106,42,243,94,185,285,148,115,151,75,58,101,119,218,15,10,11,12,20,5,2,14,4,44,30,20,5,12,10,38,8,11,36,13
ABI3|51225,348,350,395,440,364,252,358,303,491,834,1044,906,1046,847,1729,762,631,624,1018,757,2159,1960,299,833,1346,1579,1255,2398,2621,3211,1699,1406,2374,1540,2493,2549,1045,2271,2257,2297
ADA|100,104,61,61,145,151,50,209,499,87,102,312,58,127,182,268,164,104,311,189,166,743,670,66,1018,437,3114,1389,512,502,744,726,287,678,234,873,632,1393,674,521,602
ABCA9|10350,121,164,95,88,150,428,20,40,507,249,297,212,108,299,205,112,47,78,61,248,131,142,346,27,32,270,52,69,148,116,84,11,6,14,8,94,34,39,43,90
ACER1|125981,2,0,1,0,0,0,0,0,0,0,0,0,1,0,0,0,0,2,1,0,0,1,3,0,0,3,1,2,0,1,2,0,2,1,1,1,2,2,0,0
AGK|55750,1105,1242,951,852,1090,1150,2996,2382,1820,1562,1835,2561,2076,2632,3489,2315,1391,2076,3173,3128,1643,1590,2508,1045,1555,1493,1344,2025,1557,2618,1263,891,1463,1277,1360,2213,1765,1877,1639,1264
ACAP1|9744,61,26,83,267,221,38,32,26,49,16,290,24,22,36,59,32,20,56,29,39,954,487,27,262,481,1241,512,1128,1158,561,369,288,1814,119,364,771,704,239,520,590
?|8225,1477,1755,1133,881,1158,1141,1762,1548,1952,1176,1676,2444,1508,1520,2481,1992,1255,2373,2447,1398,1709,1443,812,1462,1396,970,1377,1132,1185,2346,2259,1058,2267,1523,2526,1133,1133,2071,2561,2431
AGTR1|185,555,570,465,557,862,1154,181,170,690,1269,1855,972,589,1082,532,635,303,466,395,604,592,806,412,990,509,209,60,129,646,968,2216,1131,40,1124,537,2460,16,158,513,255
AIRE|326,1,4,1,2,0,3,0,4,3,0,1,0,0,1,2,1,0,1,0,1,4,3,3,14,2,1,0,1,2,1,0,1,1,0,0,0,0,0,0,1
AICDA|57379,3,1,2,0,6,1,0,1,5,1,1,3,0,1,1,3,0,1,0,1,82,274,0,16,55,22,19,21,28,2,79,13,3,42,60,19,56,52,27,22
ABLIM2|84448,125,274,139,405,214,489,141,119,328,176,1287,1089,98,195,280,111,87,127,231,163,123,367,51,193,104,243,372,71,258,741,1072,433,425,247,500,599,63,159,356,167
ABHD2|11057,4895,6182,4162,6626,9506,7010,12953,17078,12155,11675,13041,15109,13040,16264,16067,10584,4860,11722,13940,14769,9269,10853,37069,4667,8580,3462,3193,12627,17086,9248,14708,7928,6992,6780,10128,18878,7654,7805,10345,11636
ADAM29|11086,1,0,0,2,1,1,0,2,2,2,2,3,1,2,2,0,0,0,0,1,5,1,0,0,8,2,4,6,3,1,2,0,3,0,1,0,0,4,1,2
AACS|65985,1131,1201,876,953,1376,962,4505,3505,2155,2298,2099,2142,3617,3911,4865,3725,2706,3410,4352,5082,1552,1477,1328,1290,1116,1006,2145,1715,1492,2072,1860,855,1481,1114,709,1508,2163,1075,1737,2189
ADSS|159,1980,1892,1424,1992,2431,1742,7873,8032,3064,5120,2979,3696,4394,6295,8824,6132,2861,5352,6837,8302,2727,2390,1555,1717,1507,1955,2389,4077,3849,3541,2381,1624,2910,2143,2571,4437,1701,2948,2711,3305
ABHD12|26090,2291,2505,1859,1966,1770,2008,8378,5934,3382,4019,3255,4433,5872,6650,8686,8895,6618,6804,9688,7763,5517,3731,2557,2841,4644,4902,6793,3334,5231,6147,4895,3926,4618,3331,7326,5267,6465,3529,5215,4695
AGAP6|414189,101,63,45,55,18,178,95,122,102,76,77,74,74,76,169,46,40,70,157,72,300,242,194,160,286,247,82,318,506,119,104,31,260,128,42,148,22,57,75,48
ADNP2|22850,1160,1467,894,1450,1446,1250,2825,2296,2078,2176,1862,2086,1951,2637,3515,2120,1149,1842,4159,4437,1824,1584,2459,2060,1335,756,907,1792,3018,2232,1897,1305,937,2529,1636,3012,995,2498,1701,2401
AKAP3|10566,281,164,160,42,176,122,447,457,270,349,185,292,332,681,767,433,196,379,599,564,44,50,94,24,69,26,16,78,73,91,29,47,17,88,107,179,22,51,215,60
ACAD10|80724,2748,3375,2069,1286,1597,2037,3732,1484,5201,1673,4363,5867,2975,3131,5158,2608,1504,2134,3628,4351,1885,2296,2824,802,1986,684,627,2420,2907,2061,1866,1843,1850,1285,1268,3487,2797,750,1718,1981
ABHD3|171586,984,906,540,515,842,657,1405,1585,1177,1081,1074,1236,994,1510,1708,1423,694,1315,2061,1505,1464,638,2635,340,410,582,563,1036,1260,840,452,367,736,593,1130,1306,466,836,448,660
ACAA1|30,14628,21974,16011,2731,11317,7932,7113,4617,20735,3790,10899,24266,4702,5599,7226,6503,3844,4846,6602,16419,3812,2682,2416,1625,2605,2536,3634,5292,3606,5244,4400,2576,5602,5006,3641,3874,2727,3412,4647,4256
ABCD3|5825,7389,8616,5805,3380,7702,4131,12466,16347,10561,8645,6714,10631,8803,13155,10065,9617,4057,8409,10228,13110,4985,5185,2446,1611,3223,2027,3005,6796,6518,8015,3225,2679,4673,6189,3391,6518,2658,4958,4463,5381
AIM1L|55057,12,2,4,3,1,2,7,66,10,72,3,7,5,5,9,1,5,8,11,2,10,25,28,16,12,125,177,5,4,15,4,1,11,4,12,6,74,6,0,10
?|653553,503,529,432,588,457,298,752,1280,540,761,667,474,657,327,1243,515,501,1344,1732,864,1913,1244,287,770,813,1846,5217,776,546,761,855,989,1089,1274,1300,541,2260,624,724,1367
?|728603,0,0,0,0,0,3,0,0,2,0,0,3,3,0,0,0,0,0,0,0,0,0,0,0,0,0,0,0,0,0,1,0,0,0,0,0,0,0,0,0
ABCC11|85320,6,4,0,1,19,11,2,2,3,8,4,13,23,12,10,7,10,3,14,15,2,10,0,3,30,17,14,34,7,1,1,8,7,4,4,8,50,0,2,5
?|100133144,6,3,3,3,3,3,8,4,4,13,5,14,15,0,27,2,5,10,35,0,21,26,37,21,16,6,5,20,55,14,11,12,10,37,21,19,43,3,7,31
ACADM|34,21480,25694,20567,3037,9668,7108,12729,6818,14466,8839,10187,29656,12230,14030,17663,12930,5863,7861,21071,23328,7460,4679,5097,2389,4692,1241,1971,7307,6115,8396,11600,4969,5905,8605,7933,8524,2768,5172,6302,7093
AHCTF1|25909,1703,1929,1181,1556,1596,1720,4215,4818,3304,2938,3365,3751,4389,5326,5610,3029,1677,2283,4477,4848,2593,3959,3077,3021,2926,2178,2198,3452,3780,4549,6001,2378,3179,3797,3424,6625,2385,2830,3910,4275
ACTN1|87,1843,2583,1706,5881,4657,2278,6059,12466,6804,13801,10046,4183,6065,10460,10438,9010,4104,9058,10183,10352,22552,14216,2430,17012,9209,23750,17842,9495,4141,18115,15020,7396,17125,8493,16090,12318,13445,11749,7676,16230
ACTL6A|86,1189,994,829,1081,1290,783,3137,4187,1409,2369,1758,1561,2594,3375,3773,3458,1756,3018,3937,3077,1822,2337,1258,1842,1177,1269,2794,2014,1551,3166,2089,894,853,2319,3090,3447,1446,1788,1977,4713
ACYP1|97,181,102,62,103,59,125,200,346,104,280,159,128,224,220,321,209,123,534,488,332,361,207,46,182,208,194,113,161,237,235,473,156,196,220,356,210,106,260,189,345
ADH1A|124,44,16,21,57,57,32,21,334,78,180,115,36,193,159,119,261,33,109,58,77,7,8,17,0,0,6,16,2,16,3,3,0,0,2,0,8,1,5,1,4
ABCB4|5244,58,61,51,172,80,42,49,50,105,43,160,97,61,35,69,41,16,19,67,81,63,148,7,445,146,71,141,806,256,115,637,186,259,372,38,51,315,233,1056,312
ADAR|103,10183,12903,7759,15205,10842,12084,28978,33239,18020,22538,20869,21792,21422,25650,34722,19745,10624,23252,29372,29611,19407,19528,9790,22561,14660,13352,12840,25760,33286,29649,22630,13098,22086,17571,26271,37626,12656,18978,17038,25528
AGPAT2|10555,1618,1524,1470,2059,1718,1199,6303,5312,2439,4107,2499,2724,5396,4330,8438,4386,4617,4580,5294,4563,2185,2799,1471,1171,822,1657,5694,1448,3272,2031,939,2700,2266,3082,4719,2359,1921,4256,3316,2710
ACCN4|55515,1,0,0,3,0,1,0,1,1,0,3,0,0,0,0,0,1,0,1,0,9,7,1,1,4,5,4,1,10,4,2,2,2,0,1,0,5,0,4,1
ADARB1|104,617,643,330,1210,744,950,1027,1075,1447,1657,2146,1373,1543,1907,2411,1432,786,1486,2541,1807,1409,2023,610,1147,1788,1740,1011,2675,1784,4543,2171,1238,1209,1787,1205,2225,972,2424,2996,2564
ABCC1|4363,937,839,599,1565,1174,1277,3700,3510,1836,2705,3300,2308,4175,3858,6194,3816,1969,3187,4925,3367,6825,5033,2313,3582,2595,3038,3437,5248,6603,4721,4690,4633,8506,4216,2932,11054,7476,5890,7495,4352
A2LD1|87769,7167,4131,3812,254,1581,1588,745,819,6919,407,731,10034,536,1040,975,624,265,403,678,1468,648,226,246,102,203,242,227,628,255,363,229,964,232,1393,455,421,184,508,368,149
ABCC10|89845,444,426,241,392,366,522,1140,1153,793,880,881,718,927,872,1710,891,560,1098,1560,694,989,874,664,431,563,906,457,1351,1233,933,744,424,1113,706,638,1011,564,842,780,619
ACTR1A|10121,3620,4354,2954,3975,4576,3958,9456,8868,7156,6850,8669,8514,8388,9644,10831,9229,5729,9758,11718,8998,5503,7000,5742,3852,4404,6941,7691,8239,7798,13293,4288,5038,6316,6273,6254,10263,4423,7087,6118,7728
ACPP|55,1901,1241,1463,2854,2411,1740,2925,841,4717,681,2016,7056,1336,6170,5394,1601,757,1484,1968,2752,97,92,40,23,46,16,33,34,74,23,21,4,28,7,51,106,37,20,27,71
ADAMTS7|11173,48,83,34,118,67,103,16,42,91,68,234,137,75,73,219,59,56,73,82,91,535,928,221,465,639,971,405,639,405,916,801,771,423,742,1161,1044,514,432,1025,1178
ABI2|10152,3027,3538,2260,3402,3625,3565,7299,6593,4305,5552,5341,5702,6057,8024,9601,5948,3221,5674,8440,7655,3868,4870,4201,5215,3040,2066,2071,4750,5728,4876,3775,2535,1592,3429,4156,6569,2406,5884,3752,6139
AK3L1|205,10763,13739,7847,679,6293,5611,982,820,15195,662,4939,15440,887,1501,1098,840,250,540,686,3765,3759,3750,71,2864,3111,1834,4289,5645,2841,5180,4638,3785,2759,3278,3611,5178,3933,4023,2784,3947
ACACB|32,2875,2577,1416,942,778,2731,3713,3469,3166,3697,3564,5117,7508,6625,8717,3686,3240,7187,8804,4604,2342,2959,8695,1218,3016,772,781,1860,5022,1075,7806,2373,1129,1807,1331,2713,2386,1352,2373,2426
AKAP1|8165,3054,3148,1709,1611,1813,2495,6826,4221,4724,4427,3590,6361,6154,6144,9425,4824,2776,4350,5532,8681,2871,3287,4894,1952,3405,1454,1260,3485,4505,3687,5230,3239,2914,3972,4330,4615,3605,4195,3181,4955
ABHD1|84696,58,41,27,15,32,27,51,15,55,28,50,59,48,52,64,45,16,19,46,102,28,41,17,38,104,8,7,9,85,44,164,95,20,312,58,97,4,247,37,54
ACIN1|22985,2928,3161,1781,2819,1808,3908,8313,4509,4290,4541,6020,5904,7118,4954,10329,6103,4615,6830,10212,6874,6782,5251,2982,4560,6227,5481,3628,5609,6889,10846,7647,4007,5539,5787,6778,6669,4044,6398,5670,6024
?|645851,101,35,14,2,2,29,18,9,73,8,6,39,4,13,22,4,5,9,5,24,53,35,20,11,28,22,6,52,112,17,10,4,21,14,4,33,6,2,7,3
AGAP5|729092,52,18,11,29,8,73,62,42,36,47,55,67,65,29,153,18,26,45,70,64,219,189,46,99,122,56,34,197,221,30,109,31,109,72,49,189,29,30,31,74
ABHD5|51099,1198,1299,1043,1082,1401,1079,2706,3452,1941,2066,1803,2210,2127,3072,3276,2798,1480,2449,3529,3636,1019,762,672,911,613,666,767,1280,984,1638,875,651,835,999,1331,1823,507,1287,795,1394
AGAP8|728404,85,24,17,6,7,60,25,17,47,26,55,43,73,6,70,11,6,33,23,37,209,42,62,42,83,55,12,301,375,27,51,12,153,44,38,28,19,8,31,19
ACTR6|64431,1032,909,865,936,1469,892,1872,2500,1451,1480,1480,1625,1608,2300,2387,2212,911,1807,2339,2180,1903,1518,1352,1446,1411,741,1128,1504,1866,1803,2075,1092,962,1384,2298,2373,1133,1286,1344,2171
ACTBL2|345651,0,0,0,6,19,0,89,51,9,26,4,0,19,63,18,22,22,49,35,12,3,5,11,8,0,9,124,1,0,64,0,0,0,0,1,7,26,0,0,1
ADAM32|203102,3,0,4,3,3,1,15,33,3,41,10,3,24,3,11,6,5,6,9,4,8,21,66,5,10,17,3,4,6,9,6,2,4,1,12,5,12,6,8,0
ABCD1|215,494,618,314,507,515,385,828,816,928,749,809,878,793,946,1127,797,695,1011,1250,831,1404,1729,446,915,1058,1247,1535,1406,1749,1884,1573,1991,1750,1898,1849,2159,1628,1164,2580,1511
AADACL4|343066,6,5,10,3,0,12,0,13,9,7,19,10,0,2,1,6,3,4,3,1,1,0,1,0,2,3,0,0,2,0,3,0,0,0,0,0,0,1,0,0
AKAP2|11217,2191,3375,1972,3088,3480,2547,3485,6527,5230,6823,8050,7385,4643,5869,7422,3822,1874,4625,8243,7367,4345,6270,2462,4400,4728,3248,3027,6578,6289,6165,8141,4747,2056,5862,6394,12083,7003,8559,5869,8495
ACOT4|122970,1181,1393,824,106,654,442,524,527,1395,380,574,1251,297,410,578,411,262,429,390,890,341,171,254,66,542,663,397,689,391,1107,1267,1099,301,1459,1085,734,261,1969,676,146
ACOX1|51,8713,11304,6250,2354,6722,6012,7300,5606,13092,4545,6869,15568,6107,7846,9009,6634,3981,5323,7564,10571,5140,4163,4725,2058,2935,2770,2549,5406,5374,5411,4437,3697,4667,6273,3809,6186,3267,6716,3206,3909
ADPRHL1|113622,222,53,30,23,19,50,106,187,61,140,77,69,107,170,151,176,109,136,223,158,50,14,76,10,14,30,11,22,33,38,22,12,5,24,13,23,9,32,50,9
AFARP1|246182,25,20,14,2,8,21,6,12,30,4,8,13,3,4,7,9,0,9,9,30,36,21,3,37,24,18,6,16,22,18,29,14,21,39,14,17,11,11,10,12
AK1|203,1065,1081,772,1152,873,1117,2981,2805,1707,2034,1953,1842,2312,2862,3382,3684,2487,3065,3424,2938,746,780,1885,349,568,845,644,965,1029,2010,615,750,332,1022,820,655,270,1099,758,830
ADIG|149685,2,2,2,0,1,1,5,4,1,0,1,3,5,1,0,0,0,3,2,3,0,1,0,0,0,0,0,0,0,0,0,0,0,1,0,0,0,0,0,0
ABCA2|20,2188,2254,1138,1710,1196,2450,4967,1975,3282,3756,3672,4965,5980,5288,7351,3558,3748,3203,6913,4436,4073,6827,5113,3080,2196,1925,1283,4636,4640,2693,3733,3456,2664,4364,2913,5547,6597,4746,5721,6501
ACE2|59272,8846,8084,4513,1359,5819,2140,269,161,13158,251,4744,9320,331,760,498,65,25,88,254,4942,4231,3711,14,35,3996,249,4,20104,21891,4224,6065,10682,8864,9752,730,27032,717,3248,4657,5254
ADH5|128,17034,14673,11379,6131,14364,8263,12871,16088,20928,10256,13661,21959,12733,16710,19869,17335,8947,12909,19025,18808,13081,9219,6467,5632,7518,6653,5649,11355,13955,16918,13416,9528,8456,18688,14715,16306,6621,9825,14013,10157
AHNAK2|113146,119,152,55,1446,925,218,437,495,566,500,1343,368,277,341,380,354,133,178,203,932,13424,15390,106,2609,2797,3457,4595,6004,6074,9716,6474,5654,578,3688,25250,8928,2957,551,8853,1259
AARS2|57505,498,587,419,606,462,606,1733,1473,970,1061,1067,1321,1709,1586,2372,1389,1068,1461,1904,1264,1274,1597,1067,798,1248,775,661,1688,2052,1962,1954,1296,1837,2001,1584,1763,1169,1129,1213,1748
ABCB7|22,1069,989,703,610,997,850,1568,1657,1456,798,1212,1581,1493,1632,1810,1341,514,1234,1779,1780,1922,1823,1666,1455,1272,677,996,1426,1559,2671,2448,1139,1117,1494,3228,2324,923,1732,2961,2281
ABCB8|11194,1497,1729,1213,1044,1652,1155,2209,1856,2987,1312,2278,2975,1824,1975,2817,2054,1424,2061,2560,2078,1495,1278,2381,631,1114,1661,1931,2088,1380,2003,1322,1304,2508,1436,860,1182,1356,1939,1104,1313
ADHFE1|137872,938,571,510,239,402,707,1195,754,1265,935,664,1322,1097,1058,1649,1045,600,479,1910,1588,460,288,608,187,416,91,78,407,581,217,278,162,122,272,127,326,102,200,311,150
AGTRAP|57085,2778,2723,2102,1883,2310,1299,3303,3180,3516,1830,3207,3585,2230,2375,3323,2109,1442,2549,2131,2518,3077,3622,442,1917,1835,2572,5163,1551,2224,4502,2481,2900,4025,3194,4326,3278,3440,2590,3002,2988
AFAP1|60312,895,1244,675,1677,1550,1210,2371,2362,1850,2002,4242,2349,2513,3263,5693,2177,1183,1887,2306,3742,2959,3848,898,3651,2254,2600,1519,3642,3201,4814,5716,3525,1927,4008,3338,4416,2056,5335,4192,9011
AKAP10|11216,1300,1256,925,830,1212,952,2035,2088,1747,1412,1535,1946,1718,2265,2322,1510,586,1210,1721,2477,2422,2135,1927,1335,1469,828,705,2171,2483,1732,2212,1212,1151,1556,1613,3013,1714,1802,1701,2033
?|136542,0,0,0,0,0,0,0,0,0,0,0,0,0,0,0,0,0,0,0,0,0,0,0,0,0,0,0,0,0,0,0,0,0,0,0,0,0,0,0,0
ABCB6|10058,897,1148,672,507,983,584,1129,1566,1852,662,1323,1636,634,688,1172,765,433,1387,851,1097,1900,2205,295,4002,3228,1739,3003,3488,2067,2912,3041,3855,4216,2163,2538,3898,5701,6445,1916,3103
ACP2|53,2191,2680,1908,1700,2491,1709,3984,4063,4813,2654,3651,4755,3187,3581,4839,4261,2021,4566,4078,4020,3487,2716,1295,2737,2662,3404,2986,3478,3978,5452,2049,2505,4513,2614,6329,4891,3377,3848,3252,3317
A2BP1|54715,17,16,15,11,11,16,34,0,21,22,37,44,62,13,27,7,27,11,16,89,3,1,4,0,1,1,0,0,0,11,5,0,0,0,0,11,0,0,39,1
ABCF3|55324,2167,2409,1547,1353,1710,2011,4949,4043,3790,2964,3492,4372,3898,3755,5352,4893,2437,5090,5716,3892,2611,2880,2294,2617,2389,2433,2929,3626,2769,4181,3817,1585,2222,3480,3165,3973,2917,2486,3680,2501
ADCYAP1|116,15,17,32,428,128,51,24,8,65,22,147,173,4,39,22,5,4,18,6,122,167,23,15,56,11,26,3,51,11,95,34,71,3,72,44,157,10,118,23,43
ABHD14B|84836,7254,9312,6830,3562,6121,6219,12664,10790,11044,6185,9999,13687,8254,9898,10537,10360,7492,8813,11241,11661,4357,3620,6276,3053,2687,3992,4377,4597,5366,5759,5360,4375,6454,5621,6176,5059,4134,6873,4817,4088
?|390284,22,13,5,10,4,22,22,46,8,26,15,20,21,21,28,33,25,37,65,26,20,20,7,6,6,15,6,9,22,31,30,17,18,16,19,25,10,22,20,18
?|441362,0,0,0,0,0,0,0,0,0,0,0,0,0,0,0,0,0,0,0,0,0,0,0,0,0,0,0,0,0,0,0,0,0,0,0,0,0,0,0,0
ACSL5|51703,603,442,511,1354,1231,696,2135,1994,944,1821,1893,1294,1879,2119,3145,1526,1117,2615,2446,2178,2883,1895,1095,1253,1395,2276,3323,4925,4849,7520,4460,1500,4194,1113,1802,6274,2158,2457,6236,2248
ACVR2A|92,829,802,631,798,875,839,1815,1431,1121,1270,981,1224,1206,1708,1814,1549,730,1339,1803,2418,999,837,768,977,643,606,533,974,1215,1643,600,615,468,1005,971,1050,672,1808,1116,894
ADAMTSL5|339366,39,68,4,33,11,34,45,177,78,165,46,34,70,124,41,93,79,151,85,31,17,53,89,13,9,84,79,12,10,24,68,7,11,7,12,20,187,26,9,31
ABCB1|5243,5105,5953,3785,4981,7346,2763,9341,5085,12340,5520,9336,10782,12251,8291,9039,9430,1932,2895,9901,10883,1585,3198,100,195,3976,462,638,4355,6802,2877,10380,2344,590,849,693,3342,7108,17513,6027,6189
ABCG2|9429,400,382,411,187,537,383,110,1245,648,678,909,695,767,1235,687,407,186,401,513,725,1184,608,430,406,776,642,318,639,920,999,2999,4857,596,2262,389,2508,182,1475,1684,1999
ACCN5|51802,0,0,0,0,0,1,0,0,0,0,0,0,3,0,2,0,1,0,1,0,0,0,0,0,0,0,0,0,1,0,0,0,0,0,0,0,0,0,0,0
ACTR5|79913,312,313,219,273,290,266,658,633,455,426,491,573,440,421,622,462,251,488,564,515,609,477,251,691,488,568,795,708,645,892,531,513,420,611,741,875,458,684,601,665
?|729884,0,1,0,37,3,0,16,35,1,12,14,0,8,1,1,1,2,1,2,5,1,4,21,3,0,1,1,0,0,0,0,1,0,0,0,0,1,0,0,0
AKAP13|11214,3245,5244,2945,5289,4188,4001,6926,7939,7743,4839,11390,8684,6506,7434,8542,4038,2211,4989,6110,7472,8322,17115,8654,10660,10331,7241,4101,12396,19013,11915,22570,9150,7911,7305,11912,20311,12827,9567,13401,12655
AGBL1|123624,0,0,0,0,0,0,0,1,0,0,0,0,0,0,0,0,0,0,0,0,0,1,0,4,16,2,0,0,0,0,19,0,0,0,2,0,0,0,0,0
ABT1|29777,810,882,581,890,767,559,1803,2176,978,1517,1224,1121,1293,1709,1555,1390,727,1610,1678,1623,1687,1676,775,1161,1136,1237,1442,1638,1975,2387,1827,1179,1695,2075,1582,2044,1186,1855,1883,2450
ADD1|118,12353,14300,8973,10076,11157,10758,22307,29386,19199,19310,20432,23644,21272,25347,26173,21562,12862,23475,30952,20562,15739,21208,11184,10882,15566,12882,9672,18927,24143,24265,26762,23258,20306,21645,18027,29083,14129,17986,24981,21864
ABCA6|23460,285,290,210,340,439,518,25,182,558,291,677,371,217,462,281,198,46,198,114,372,451,125,54,114,25,307,60,67,116,186,185,12,8,28,21,88,79,40,113,48
AGL|178,2330,2781,1933,1647,2916,2462,4581,4301,4279,3605,3648,4973,5274,6809,6831,4853,2079,3796,6801,7015,2105,2246,2143,1151,1785,1003,1228,3342,3685,2711,1574,1441,1148,2997,2304,4472,1719,1707,2198,2518
ADAM12|8038,41,69,49,295,377,99,36,11,156,83,559,73,44,88,82,61,16,63,30,142,403,1392,377,1482,143,4232,2370,178,89,1917,206,38,123,74,441,760,5125,155,85,288
AK7|122481,291,180,136,237,207,202,1151,617,561,583,355,502,1018,1089,1974,986,478,690,1273,1146,289,86,353,377,265,42,56,68,581,451,227,147,19,219,224,327,63,344,687,618
ACTR3|10096,4583,5386,4889,7828,9542,4945,16236,15489,8945,8595,11572,8975,8624,12392,16499,13293,6466,10726,15621,16937,12928,13747,8717,10324,8671,11436,17645,17630,14768,21656,12200,7808,12209,9741,21436,24996,10079,16820,11543,19380
ADIPOR2|79602,2528,3161,1970,2859,2612,3002,7743,7126,4346,4538,6205,5856,7457,8195,9867,6777,3574,5993,9056,8082,5186,6573,12460,4037,5059,3023,3780,5757,8790,6882,9854,5773,4274,4762,6365,10603,5527,5884,6867,6477
AIG1|51390,6595,6715,4929,1965,5627,2492,4709,4145,8106,2841,5005,6492,3733,4071,5158,5074,2959,3512,6281,6341,6533,6396,2286,2025,4857,2251,2477,5092,2810,7463,4466,5333,3882,6395,4012,6296,2465,8990,6055,6580
ADAM10|102,2926,2707,1720,4160,4330,2641,14933,21194,5075,12343,6174,5220,11059,12534,15991,10415,3237,8881,12721,13333,7908,18238,4310,5194,6341,3558,3336,7814,8815,10689,8062,5600,5094,7171,11315,14705,13783,8469,8090,12505
AIM1|202,3097,3113,2075,2362,3023,2607,12044,19351,5226,7987,4655,6497,8003,8363,7610,5943,2888,8954,10480,8447,6043,7343,873,4563,5920,4148,7248,9163,10484,7765,5346,4728,2851,7344,5646,18098,6897,11122,5477,8196
ADAT1|23536,703,763,453,539,601,710,1733,2969,991,1265,991,1153,1341,1676,2410,1323,476,1022,1831,2016,1414,1414,1395,645,528,456,389,1317,1141,819,622,342,481,794,590,1620,787,553,550,982
ADAMTS18|170692,12,7,5,15,12,29,21,55,8,44,35,29,63,19,63,23,13,27,27,53,124,54,54,27,184,65,8,42,48,33,137,37,59,104,26,21,73,3,75,468
?|652919,0,24,4,4,15,26,146,87,118,0,122,124,0,179,211,0,0,49,42,164,99,4,408,0,0,0,3,11,0,36,12,36,10,94,38,4,0,0,102,163
ABCG5|64240,26,6,7,4,7,9,21,11,7,8,4,17,13,18,53,10,15,12,64,38,22,5,3,6,9,2,4,9,16,11,6,12,10,14,2,11,0,7,4,9
AFF2|2334,32,38,42,151,144,26,54,74,107,84,157,72,38,115,196,68,56,103,97,122,692,220,25,223,375,54,209,117,98,1236,818,61,44,221,165,233,615,88,1565,703
ADAMTSL1|92949,375,477,270,479,491,1014,140,155,907,809,1894,1464,1446,497,1097,327,130,110,863,671,193,198,7478,233,70,586,369,493,113,767,523,87,25,120,30,243,140,561,287,184
AGPAT4|56895,497,333,231,476,387,651,896,620,642,1063,877,825,1924,1368,2866,1015,767,1222,2594,1199,521,827,137,564,539,438,386,960,615,933,407,528,281,309,581,793,290,352,809,628
ADAMTSL3|57188,495,1066,483,1707,1194,983,2665,882,1526,793,2629,1716,1875,2105,3199,1323,389,1233,1688,2519,1288,2484,311,2386,7151,701,888,3331,818,4777,4529,1721,1232,1355,2297,4206,4648,1989,1319,5517
AATK|9625,56,63,28,42,23,54,49,43,126,59,102,253,99,96,266,54,57,78,131,130,238,258,123,275,271,202,54,257,380,223,271,254,186,589,338,261,126,215,437,370
ADAM9|8754,4716,4189,3706,6048,7876,3798,11048,14573,10900,7794,12174,9336,7034,10452,12050,9717,2741,9774,12082,11335,19734,21768,7539,15774,14618,6167,7098,12170,11794,11114,18811,8659,6011,9126,20738,26912,43330,9656,14005,25586
ACOT2|10965,1590,2484,1731,446,1497,1535,1363,1642,3661,1112,2894,4729,1956,1564,2604,1817,1058,1612,1975,2430,668,418,1674,490,944,736,603,761,608,1905,1814,1475,704,1965,1600,960,575,1812,898,972
A2M|2,23608,30515,21864,90056,75100,52751,49073,87317,90620,115856,194741,62711,52697,116470,146957,114607,34788,82119,112175,101872,88819,111097,31883,86705,87018,81178,66173,74476,112106,171072,229333,125898,83182,112643,170452,250289,73613,115319,192340,167997
ABCC6|368,5805,7244,3356,588,4421,1353,725,97,8098,243,3096,7261,564,1484,778,237,195,243,604,1653,6022,1722,259,103,3107,1230,1738,3753,2760,1462,3696,2228,4936,1793,343,2139,4839,3370,3462,1353
ADAM28|10863,283,364,329,544,694,184,189,652,674,388,598,492,183,219,112,146,36,100,90,278,1449,2459,48,713,1236,418,462,592,1996,1094,645,416,928,272,1415,1756,1561,480,1694,1616
AHR|196,1638,2679,1556,3981,2987,1380,4336,6895,3133,5818,4386,3290,3055,5063,5620,2715,1645,2248,4515,5243,10483,10063,2724,5152,11133,4880,6073,4192,12091,7251,6794,4687,3423,3135,8399,11520,11580,8227,6839,12353
ACBD5|91452,4825,4739,2559,1974,3347,3446,8772,13225,6633,5286,4436,6704,9259,10032,7999,7685,3128,6633,8981,8505,4777,3868,4830,2049,3188,1556,1523,5044,5388,4024,4787,2951,3321,4704,6870,7495,3592,3007,4041,5252
ACADSB|36,18311,20636,14870,2285,10238,11568,6986,4265,28813,6277,9868,28982,7591,10520,11108,8053,3806,4953,11190,17305,3137,1877,10158,2023,3999,713,699,3233,4429,5267,3386,3104,1394,4620,3603,5275,2217,3329,3584,3712
ACSS1|84532,4117,3553,2428,2323,2476,4791,8521,3047,5900,5294,6988,10876,11568,9381,14590,7866,6452,9641,12874,11718,4224,2345,6180,1866,4204,2071,2476,7132,4751,4274,11799,3930,2263,4421,3984,6089,2187,4034,1619,3749
?|280660,0,0,0,0,0,0,0,0,0,0,0,0,0,0,0,0,0,0,0,0,0,0,0,0,0,0,0,0,0,0,0,0,0,0,0,0,0,0,0,0
AGPAT3|56894,13252,18653,9579,3554,10781,6904,11644,8424,29130,5414,12802,26502,7275,9208,9948,7897,4445,8233,7710,12970,7299,7628,3367,3678,5474,4043,3356,13613,12439,10321,6367,9523,8904,14217,8356,11042,4868,9940,5386,9054
ACOXL|55289,2,5,1,3,2,2,12,12,7,18,11,4,9,5,10,10,8,8,9,5,5,7,9,8,6,7,7,2,2,9,3,0,3,1,2,2,7,3,22,8
ABCC4|10257,3452,4154,2369,2330,4553,2098,3869,5653,7008,3076,3523,5708,4038,4797,5642,3834,1264,3823,2649,5490,6516,8232,13262,3243,3083,848,1452,7051,9597,4911,3634,4392,4961,5377,4956,4412,2970,4611,3382,9222
ACPL2|92370,741,838,588,877,841,455,2027,6567,1061,2532,965,1042,1299,1948,1412,1921,935,3131,1859,1643,1996,915,668,3823,1570,1002,807,1722,1904,2846,1008,604,1902,1368,1011,1263,1895,1087,2668,2505
ACTN2|88,23,16,13,22,25,16,37,13,21,16,31,39,23,23,97,35,27,16,66,52,13,16,7,336,191,75,70,7,5,198,81,2,8,99,65,201,15,6,5,117
ADAM2|2515,0,0,0,0,0,0,0,0,0,0,0,0,1,0,0,2,0,1,2,1,0,0,0,0,0,0,0,0,0,0,0,0,0,0,0,0,0,0,0,0
ADD2|119,1,0,0,14,8,1,35,47,7,25,31,1,6,7,42,10,3,26,11,40,140,112,2,570,29,25,45,77,183,50,24,21,29,9,14,59,132,14,18,63
ADPRH|141,369,376,307,910,707,550,1381,1943,773,1152,1658,814,1187,1554,1941,1469,778,1493,2021,1326,1515,1647,553,1247,990,1295,1967,2350,2037,3146,1642,1170,1024,1239,1815,3405,957,2325,2478,1243
AFF4|27125,5419,7303,4760,6233,7373,6210,12147,16917,11441,12067,10622,12495,11967,15662,15605,9314,3503,8091,15967,16893,14169,14894,15762,10834,8726,5201,5061,15162,18611,9954,15764,8657,8580,8231,10732,23111,10511,11113,13627,13437
AKAP4|8852,2,2,3,1,0,3,3,1,1,3,3,8,12,3,13,7,4,5,7,3,0,1,0,0,0,0,0,0,1,1,2,2,1,3,1,0,0,0,0,2
AATF|26574,1318,1656,965,1318,1418,1235,4103,3632,2718,2063,2818,3096,2497,2816,3927,3020,1721,3291,3563,3626,2678,3064,1816,3233,2261,3068,2725,3066,4353,5404,6292,2983,3887,3215,8175,4705,2671,3832,4048,4565
ABCA5|23461,1063,1235,729,699,961,1514,1453,1684,1437,1522,1567,2372,1686,2171,2194,1411,667,1208,2133,1486,1730,1178,2422,1364,1284,480,273,1528,2815,1017,2430,1128,713,1254,1331,2775,690,1288,1610,1326
ACOT7|11332,6985,6464,3797,1152,2176,2191,745,963,8183,696,4506,7679,485,696,980,623,430,809,1136,2027,4467,2291,429,1155,2445,3007,1550,3477,1606,8830,3685,3787,14191,3438,1359,3581,4165,4048,6444,4530
ADNP|23394,3008,3424,2310,3495,2988,3258,9899,8611,4908,6369,5156,6044,7308,9192,10768,7019,3003,5321,8917,11904,6440,6734,6758,5496,6329,3287,3943,6248,7040,7874,8913,3819,4506,5609,6043,9419,6515,7212,5556,8105
AAMP|14,4524,4715,3297,3106,3641,3566,8805,9768,7145,6923,6429,8312,8635,8596,10647,8788,5890,10274,12238,7440,6942,6037,3754,4395,5531,4403,7269,7363,8192,9011,11367,5365,6974,4731,7325,8335,7045,8051,7375,11798
ABCC3|8714,1406,1346,1088,1673,1824,453,2889,2337,2678,517,1904,2235,477,426,2954,2338,523,6700,715,2419,18259,24172,3804,9237,15777,5768,8727,9773,7323,9972,9743,7515,1423,6395,9767,10565,19085,16953,12653,10311
ABCA12|26154,3,19,9,89,66,8,103,219,27,18,70,20,7,29,8,20,15,54,12,39,424,2000,8,66,388,242,1315,35,100,765,1022,107,60,201,1862,965,1360,46,592,1698
ACYP2|98,307,300,236,217,297,199,601,701,301,461,427,389,327,396,442,526,325,513,863,461,401,421,416,299,205,329,451,332,213,684,276,181,406,269,319,391,317,383,587,380
ACSL1|2180,17803,25354,13901,5914,17525,14015,20249,14576,28559,21370,19964,32157,42216,44589,54580,44475,20573,31229,64220,48460,27878,10687,33455,9112,13966,4126,4075,28768,16263,17158,25233,20861,10532,26349,24040,37126,2619,21186,10112,12278
ADCK1|57143,311,403,184,261,317,334,641,746,650,415,662,814,507,822,824,847,460,1244,1117,621,331,189,245,118,254,358,349,275,266,612,296,194,294,338,261,336,165,363,248,258
AGFG2|3268,952,720,560,872,642,834,3971,15093,1193,15059,2516,1631,7678,6982,4664,7192,5147,14106,17820,2297,1348,1850,1943,1013,1095,1121,625,1023,1572,1818,3893,1497,1228,1437,2479,2196,1921,923,1636,1717
ACCN2|41,134,62,92,51,24,84,83,49,70,55,69,103,27,95,67,138,123,68,89,155,17,57,2959,82,35,73,30,18,10,26,29,3,37,42,19,14,86,38,15,42
ADRB1|153,62,44,30,23,10,80,157,81,14,141,49,88,92,127,140,470,192,254,139,235,19,30,2481,19,5,6,12,16,21,43,18,6,13,17,1,16,6,11,5,26
ACOT11|26027,2453,3132,1474,425,1295,1668,4359,2676,4044,2577,1785,3692,3476,4083,3723,3705,2555,3729,5072,2523,337,624,1086,219,432,295,133,63,230,680,636,202,277,1191,340,435,674,224,476,434
ACTN3|89,1,4,0,0,0,0,2,6,6,5,12,6,1,7,3,5,2,2,0,1,0,6,1,5,4,2,0,0,5,6,8,2,4,1,1,3,2,1,1,3
ACAT2|39,755,824,699,461,811,649,2306,1475,1764,1158,1030,1746,1099,1280,1922,1430,870,1261,1499,2046,933,663,545,583,718,712,1372,1066,641,1311,755,658,562,596,1400,1355,503,725,774,1166
ACY3|91703,4055,6396,4486,552,2571,2053,174,155,5330,103,2164,7435,179,504,594,53,30,50,162,2457,1931,1202,1,330,1402,1240,1871,2178,2255,3241,1614,2339,2894,2994,416,1463,1645,1888,3284,1652
ACBD7|414149,27,28,32,69,17,44,135,177,36,98,72,78,82,129,160,93,68,230,253,86,19,29,26,19,27,26,63,41,25,30,18,8,15,16,8,47,63,18,19,23
ADH7|131,0,0,0,0,0,0,0,0,0,0,0,0,0,1,0,0,0,0,0,0,1,0,1,0,0,0,0,0,0,0,0,0,0,0,0,0,0,0,0,0
ABCA17P|650655,15,6,8,12,10,3,19,35,11,16,19,11,24,29,39,15,35,24,37,39,56,78,7,212,54,212,760,476,18,11,92,11,108,63,947,86,360,78,20,37
ADSSL1|122622,1030,1370,902,171,761,495,689,339,1480,549,608,2284,547,641,572,815,440,473,592,744,5802,731,208,4228,5449,1568,5755,2158,4768,1778,9694,4734,121,20249,7042,2584,2363,1600,11988,4862
ABCB10|23456,978,1080,691,639,1083,645,1084,1677,1518,1343,1057,1508,1511,2364,1820,1782,754,1449,1926,1597,1703,1497,600,1213,1527,846,828,2026,2105,2257,1944,1171,1555,1537,1494,2753,1638,1466,1376,2607
ACTN4|81,19974,31395,16843,20103,17950,23619,52785,47586,38205,34625,54254,46724,42497,37230,59662,37111,27211,39336,61107,37625,23488,35634,21225,15040,21457,28649,26308,34926,25601,46463,30558,35229,32523,42116,31247,38851,25264,36422,39045,38422
ABO|28,234,77,100,189,344,445,746,493,1348,843,1101,215,477,97,3848,248,504,169,1150,1179,416,23,26,266,361,39,114,199,886,556,128,149,49,21,881,464,78,20,476,409
ACBD3|64746,1573,2169,1495,2511,2238,2026,4632,4903,3123,3191,3928,3556,3309,5161,5266,3352,1382,3058,4085,6034,4598,4457,1563,4051,3490,2495,3282,4481,4373,4856,7088,2549,3275,3766,5784,6727,4395,3539,3653,5604
AGAP4|119016,251,209,157,142,48,488,218,160,231,237,157,234,198,164,392,105,147,160,242,173,617,575,398,337,577,536,145,788,809,272,152,130,417,321,137,431,179,174,248,167
ABHD8|79575,650,711,482,374,428,310,1049,1051,740,841,664,916,1249,1147,1324,947,696,1216,1263,947,537,618,456,331,460,360,395,740,987,1082,420,663,708,1013,537,717,699,962,635,742
ACY1|95,53009,57527,38971,2615,24649,18146,3229,1743,70760,1846,19695,73643,3280,7743,6649,2864,1490,1930,3424,17869,5049,2921,1543,877,2461,2862,2565,6325,3094,4282,2841,3813,6581,5170,1572,2322,4184,3350,2576,1848
?|442388,0,0,0,0,0,0,0,0,0,0,0,0,0,0,0,0,0,0,0,0,0,0,0,0,0,0,0,0,0,0,0,0,0,0,0,0,0,0,0,0
ABHD6|57406,3200,3954,2114,632,1876,859,769,812,5056,660,2279,3898,1205,1691,1341,1213,682,979,1182,2579,1729,1236,1454,1687,1157,948,993,2236,2909,2400,2901,2571,1737,2996,1349,2680,1083,3445,1310,2302
ABCB5|340273,0,4,0,2,2,4,0,1,46,1,6,2,1,7,1,4,0,0,1,6,15,2,0,20,2,6,2,0,0,5,10,0,2,6,59,12,5,6,0,28
ADH1C|126,963,233,436,1000,1261,582,4889,16143,1427,6346,1098,1258,4888,3166,3287,1145,1790,3118,3992,4437,25,5,96,0,18,49,21,8,7,12,13,0,8,4,0,4,29,1,2,3
AANAT|15,3,2,0,0,1,2,2,3,1,2,0,3,0,1,0,2,0,0,5,1,5,10,0,0,5,4,1,10,3,2,1,0,1,1,0,1,0,0,3,0
A4GALT|53947,1207,2291,1239,2217,1419,1188,5766,1248,2399,1547,3862,2702,1383,1673,4986,2184,1115,1865,1946,2589,3271,2726,1162,2260,2704,2563,2190,3210,4620,6167,3241,4904,3160,4371,3235,4067,1267,3374,4800,4983
ACAA2|10449,24677,29683,19730,5007,15864,10158,20670,17847,29340,13355,14492,33604,16358,21847,21401,22150,9597,19680,22040,33440,21833,10390,8824,4191,12841,3073,2819,16949,23603,29978,20326,19318,17337,34511,21286,29676,4110,25762,20171,23651
ADCY2|108,13,34,11,44,51,15,3,13,54,17,53,35,12,22,23,13,4,15,11,43,319,517,9,513,16,19,52,661,3151,26,4,520,1463,20,6,1045,52,1366,753,989
ADRA1A|148,19,23,12,46,26,38,7,21,30,48,42,31,10,7,15,12,3,16,26,29,23,9,4,2,11,15,11,86,6,3,253,75,2,27,49,31,42,39,25,58
ADORA3|140,126,154,114,344,494,47,22,87,432,80,328,148,19,51,87,138,12,104,37,85,4014,3760,170,613,1476,746,606,1186,3657,1711,743,690,2072,367,3694,4680,1703,1780,1071,1606
ADAM15|8751,1203,1034,872,2632,2655,1252,3381,4212,2601,2622,5074,2534,3721,5256,6706,3894,2657,4263,5470,3944,4756,2866,1252,4900,3560,4724,7169,4527,4714,6872,4956,3987,4643,3709,2946,5478,3743,4819,5456,7228
ACAP3|116983,762,859,545,398,423,800,555,654,1104,717,1055,1273,855,832,1283,667,557,1175,1307,640,1357,1203,526,539,1027,926,592,1814,1582,999,1209,919,2486,1228,752,1115,1000,608,731,1072
ACSF2|80221,16247,43031,14083,1737,7986,6650,1068,2009,23905,1110,10689,24828,1513,1777,1535,1097,340,1079,1252,7509,568,677,858,459,452,866,623,1372,749,2187,2583,198,526,163,848,697,691,1280,1349,516
ACTL8|81569,0,0,0,0,0,0,0,1,0,0,1,0,0,0,0,0,0,0,0,0,2,181,0,0,0,2,1,0,0,0,0,0,0,0,0,2,0,0,0,1
AGAP2|116986,24,26,47,119,92,20,23,16,56,18,145,29,28,43,54,13,19,37,26,44,452,520,181,530,391,694,332,646,642,673,277,224,892,163,355,707,556,271,408,651
ABCC9|10060,923,659,418,1558,1742,866,613,3985,1885,4965,2092,836,2226,5141,2383,2457,1030,1820,1724,2916,1797,2187,1021,7164,1810,2650,918,1296,2400,2831,2836,844,161,962,2850,3528,925,1103,950,2523
?|26823,3,0,0,2,0,1,0,1,2,0,0,0,1,3,1,0,0,0,0,0,1,9,2,4,2,0,0,4,3,0,2,0,0,1,0,1,0,0,2,0
A1BG|1,65,83,55,129,74,48,117,119,37,72,107,75,77,56,116,62,90,144,99,66,105,139,268,48,83,133,153,93,233,134,47,59,160,27,102,40,83,366,106,118
?|317712,0,0,0,0,0,0,0,0,0,0,0,0,0,0,0,0,0,0,0,0,0,0,0,0,0,0,0,0,0,0,0,0,0,0,0,0,0,0,0,0
ACD|65057,453,528,319,488,353,407,552,796,578,673,705,719,718,759,919,680,465,898,1040,485,1532,1175,659,1132,739,815,1134,887,1126,1299,685,762,813,1033,1212,970,1105,700,1097,1248
A2ML1|144568,1,0,0,0,1,0,1,1,0,3,0,0,0,1,0,0,0,2,2,1,2,3,17,0,3,3,0,1,1,0,2,1,0,1,0,0,2,0,0,0
ABCA3|21,1034,990,683,1397,1169,1042,4414,7181,1805,4382,2327,2291,3706,5250,4265,4114,2834,6688,5809,3134,6334,4404,2101,3674,2573,2140,3051,4990,4927,2579,3316,3496,9824,3697,5234,5890,8423,4365,2912,6747
ACOT13|55856,5154,6003,3600,1013,3210,2307,2362,2758,6480,1720,2721,5797,1866,2473,2857,2463,1173,2291,2701,3641,3974,2136,1782,1710,1587,1785,2403,3943,3249,3055,3479,1832,2353,3939,3631,3180,1196,4563,1735,3048
ADAMTS17|170691,55,74,58,19,26,104,81,36,64,61,57,181,115,72,242,37,95,37,151,165,84,58,19,53,57,59,11,46,117,57,179,88,185,93,53,92,73,24,210,156
AIP|9049,2920,3004,1993,2018,2220,1804,3595,4716,3262,3017,3490,3202,3658,3700,4851,4580,2825,5302,6019,3189,3692,3050,2393,4490,2358,3731,6014,3997,3736,4740,4669,3184,3158,4283,8794,3651,2896,4667,4355,5523
AFG3L2|10939,4802,5331,3585,2498,4365,4649,10874,6736,9463,4828,6358,10003,10097,11001,11320,9002,4538,9203,11630,11578,5973,3649,7774,1985,5908,1864,2219,6557,6740,9439,8306,6471,7543,9332,7324,7318,2120,8615,6418,7673
ACVR1|90,2016,2695,1564,1711,2223,1221,3338,4616,3814,3178,3395,4180,2450,3111,4521,2710,1143,2241,2751,5335,2668,2621,2350,3955,2318,1878,2403,2787,3290,3457,3020,2213,1633,2521,2848,3957,4286,4002,2234,4577
ACSS3|79611,2938,3465,2049,971,2751,1706,1964,1225,5082,1526,2756,5840,3000,3367,4114,1984,1391,814,4465,5333,1805,1547,4504,861,1081,323,96,2358,2770,3880,3179,1040,594,2527,45,5008,1647,75,4004,1883
ABCC6P2|730013,749,570,620,126,728,272,244,43,903,88,527,812,143,164,190,96,83,55,141,397,363,194,40,50,388,259,315,376,434,460,708,259,445,365,127,345,309,1612,588,206
ABCA1|19,2058,2249,1760,1138,2572,1392,2099,2803,3170,2149,2227,2829,1656,2798,1877,2131,666,1693,2185,2241,11335,14874,3834,8292,3954,3058,4752,6742,8323,6963,6245,7875,3115,6317,17729,18739,11329,10899,5984,6609
ACMSD|130013,8424,9808,6625,947,4883,3007,821,34,9155,248,3474,9452,185,612,876,154,40,186,186,3447,3348,2390,4,58,3130,1044,3885,4884,5809,6348,4005,4606,3432,3501,377,2963,2287,7316,3780,4213
ACVR1C|130399,54,83,41,70,96,101,34,41,84,23,195,142,31,39,30,20,12,20,38,63,20,17,125,86,54,15,30,24,12,16,192,6,3,2,9,9,47,56,27,45
AGXT2L1|64850,638,515,195,8,228,66,2,19,971,44,5,887,8,16,21,2,6,1,18,240,11,6,0,0,0,0,2,58,0,0,3,0,16,3,0,4,5,0,2,1
ABCC12|94160,0,0,0,0,0,0,1,0,0,0,0,0,0,0,0,0,0,0,0,0,0,0,0,0,1,0,0,0,0,0,0,0,0,0,0,0,0,0,0,0
ADAMDEC1|27299,3,3,24,26,31,1,1,2,1,0,44,1,1,6,0,0,0,0,0,2,1127,921,9,248,188,586,498,58,1089,149,230,32,365,15,421,1189,416,99,57,340
ACSS2|55902,6452,7975,4741,2224,5138,4493,3507,4124,12983,2739,6965,12487,3666,4455,5808,4597,2254,4399,5696,6540,5095,2359,3037,1620,5474,2184,2001,4231,3513,7668,5445,3415,3391,3693,2945,3750,3363,7674,3475,4839
AFMID|125061,6416,6027,3467,776,2691,2450,2271,4101,5939,2739,2727,7056,2895,3344,2740,2867,1951,5740,4792,3490,1619,1301,270,873,1138,876,730,1716,1414,1565,1609,1038,1315,2054,1306,1532,659,1786,1162,1171
AGRP|181,21,18,5,0,0,8,17,2,13,20,4,12,39,6,15,14,2,16,10,26,8,1,0,0,0,3,1,2,3,4,2,0,3,0,6,0,3,0,2,1
ADRA2B|151,126,142,158,73,117,204,123,307,144,278,675,445,388,278,320,188,255,379,332,106,180,544,373,867,223,96,83,358,443,708,778,268,74,610,172,860,34,631,522,151
?|10431,2042,1764,1766,1294,2109,1483,4360,3073,2973,1946,2351,3051,2424,3007,3771,3290,1919,2871,3351,3806,1856,2280,2082,1394,1077,2372,2115,2869,2173,4505,1060,1132,2179,2316,1773,2710,1350,1925,1820,2320
ACSF3|197322,816,1209,790,617,717,692,1639,755,1833,771,1680,1815,1364,1328,2367,1325,1035,1240,1852,1340,1350,1142,780,357,765,853,887,1271,1229,1513,681,615,1763,822,860,1140,1862,742,1279,347
ACTL7B|10880,1,0,0,2,0,0,0,1,1,0,0,0,0,2,0,0,0,0,0,0,0,1,0,1,0,0,1,1,0,1,0,0,0,0,0,0,0,0,0,0
ACER2|340485,152,142,64,148,200,164,552,3245,180,2123,347,167,523,547,430,300,218,307,570,369,829,378,1049,407,307,123,84,565,476,354,426,374,139,439,451,609,113,410,451,443
ADRBK1|156,1740,1984,1140,2253,1767,1607,4546,4605,2811,3032,3585,3256,4733,4759,6559,4159,2948,5199,5758,3128,5865,6118,2140,3955,4745,5389,3511,7790,8513,6209,4368,4115,8773,4734,4445,7057,4432,3868,6006,6827
AARS|16,5192,7112,3885,4248,5141,4828,10972,11297,11855,7184,10112,12809,11948,11996,17675,10681,6190,11741,16086,12079,6850,7869,7085,8065,4754,5393,14051,9171,10315,10789,7548,6693,8483,11057,8644,11812,8650,12983,7287,10925
ACTL6B|51412,0,0,0,0,0,0,0,0,0,0,0,0,0,0,0,0,0,0,0,0,0,0,0,0,0,0,0,0,0,0,0,0,0,0,0,0,0,0,0,0
ACOT12|134526,211,141,120,17,131,92,123,80,234,138,94,235,179,104,226,118,49,66,294,71,1,0,0,0,1,1,0,1,1,1,1,0,2,0,0,0,1,37,1,1
ACTL9|284382,0,0,0,0,0,0,0,0,0,0,0,0,0,0,0,0,0,0,0,0,0,0,0,0,0,0,0,0,0,0,0,0,0,0,0,0,0,0,0,0
ADAM17|6868,675,742,484,1352,909,656,2137,2523,1043,1587,1759,1348,1447,2141,2221,1515,709,1365,2276,2169,2149,2507,984,2664,1622,963,1403,2037,2379,2367,2210,1369,1126,1772,2159,3613,2450,2435,1905,3183
ADK|132,1142,932,820,520,1061,665,2079,2296,1132,1830,1013,1257,2185,1751,2190,2274,1157,1844,3483,1892,1005,743,1241,504,525,544,508,702,561,980,520,613,415,674,849,751,397,809,690,1012
ABCE1|6059,1977,2374,1862,2218,3086,1639,4822,5474,3211,3238,3539,3297,3090,4869,5185,4094,1538,3037,4509,5905,3574,4351,3165,4207,2884,2419,2908,4580,5005,5138,3683,2345,2580,4492,5473,7684,2375,4488,2708,5179
ACTC1|70,45,56,15,181,155,51,65,23,374,84,629,71,6,76,39,86,37,42,388,1048,18,173,1603,15,8,100,1047,454,47,283,98,1,8,18,8,151,70,67,15,45
AGA|175,1055,851,841,1037,1281,712,2188,2152,2112,1714,1925,1586,2138,2062,2641,2386,939,1507,2899,2533,1780,996,858,1164,1069,1143,1204,1699,2137,3715,1968,1190,2483,1407,1319,2020,652,1316,2549,1838
ADAM30|11085,0,0,0,0,0,0,0,0,0,0,0,0,0,0,0,0,0,0,0,0,0,0,0,0,0,0,0,0,0,0,0,0,0,0,0,0,0,0,0,0
ADPRHL2|54936,986,1276,910,1299,1330,953,2578,2268,1899,1682,2092,1837,1679,1979,1982,1552,845,2014,2473,1876,3417,2949,546,2161,2299,3768,3523,3465,1977,5602,3605,2704,4956,3651,3705,3826,2664,2469,3373,3395
ADRBK2|157,371,503,368,823,749,792,610,638,814,517,1067,988,540,762,910,366,156,421,501,861,1762,1685,662,1399,1253,1261,729,1718,2120,2159,1081,774,1376,1053,2454,3828,1108,1479,1275,1867
ABCA11P|79963,199,156,151,110,131,177,551,566,225,450,216,529,550,609,801,515,235,364,837,531,253,186,386,86,175,197,91,212,348,230,132,223,136,166,144,350,49,340,162,162
ABCG8|64241,30,4,2,0,2,16,17,10,2,25,4,8,31,28,105,4,18,8,55,34,31,1,0,2,4,0,0,1,0,0,1,1,0,4,0,0,0,0,0,3
ADH1B|125,7848,1825,3347,9731,6787,5227,1881,40087,7680,26238,14021,3968,12201,27669,12146,27498,4709,17400,7804,11691,520,1090,1413,50,37,1198,1690,129,1028,874,391,32,8,98,9,486,282,1066,75,770
ACTR2|10097,6798,9278,7441,11397,15545,8830,19936,31698,15713,16652,19025,16389,15385,23053,21538,16818,7991,18427,22807,22784,17056,21599,11812,16621,14801,14809,16357,25076,27171,30717,20375,12288,16100,15827,25559,37760,17210,27252,15804,28467
ACTRT2|140625,0,0,0,0,0,0,0,0,0,0,0,0,0,0,1,0,0,0,0,0,0,0,1,0,0,0,0,0,0,0,0,0,0,0,0,0,0,0,0,0
ADRM1|11047,1969,2782,1797,1912,1767,1596,4313,3047,3152,2394,3729,3539,3227,3277,4474,3553,2755,3889,4548,3339,4567,4097,1926,3382,3050,4994,7220,3900,3826,5413,2606,2859,5294,4074,2864,3867,3665,3422,3434,6748
ADAM20|8748,1,1,0,6,0,3,2,6,2,6,3,4,2,13,3,2,0,8,7,4,4,4,1,5,7,6,2,4,3,9,2,2,3,3,6,4,1,2,8,1
AASDH|132949,600,491,363,427,571,553,1653,1492,840,1083,853,1019,1127,1256,2176,1245,566,1142,1655,1748,863,803,758,612,541,320,296,867,1077,939,993,518,631,915,735,1349,463,640,761,835
AGBL3|340351,50,41,28,12,26,22,26,22,58,29,18,31,57,42,53,42,12,26,58,40,214,145,4,48,226,45,55,82,156,94,84,77,74,92,90,139,108,138,175,189
ABCG1|9619,523,532,315,775,1251,755,2071,4773,1002,2463,1504,1151,2226,3722,3247,4723,1479,3311,7274,1741,6087,3889,1195,4843,4380,1989,2736,3765,6702,3266,5519,6310,4282,5880,10995,7249,5290,3752,3364,5384
ABAT|18,19707,27148,15775,1485,9113,9854,1566,1601,32731,1903,8767,39446,1827,3226,3503,1092,505,665,2697,9110,835,1311,1900,365,863,417,247,1671,1095,1130,5148,1014,1675,4164,561,1102,652,2965,558,464
ACLY|47,8387,9194,5259,5183,6630,6180,9427,9527,16574,6486,12763,14100,7882,9680,13713,8280,4259,8697,10780,12836,25757,25160,5495,18671,17946,12276,10622,40962,37180,41665,27880,27718,40865,46858,30730,48099,26554,29669,32160,38598
ACTG2|72,34,184,18,79,183,21,259,582,414,1581,1376,44,202,545,474,771,46,121,584,1947,208,2013,409,701,365,1565,4750,4133,747,3844,1390,440,407,2787,1327,1318,306,1585,200,1263
AGMAT|79814,25985,28628,19084,1115,8043,8615,328,74,23119,208,7372,26504,309,1266,780,102,27,70,257,6318,1783,618,14,61,1984,866,217,1612,440,3099,4077,3180,2191,5665,474,2116,783,2161,1696,1704
AGT|183,5150,3855,4564,1569,5950,1974,341,281,7467,785,8339,4063,247,620,497,296,194,436,486,4899,6755,1828,72,2963,13284,3378,10323,6822,1297,10033,16803,1813,2345,6493,4906,3810,3628,23046,7417,11626
ACBD4|79777,1748,2210,1254,474,859,837,996,1337,1780,651,1093,2365,1108,1194,1409,1188,807,1129,1432,1038,2392,1244,715,994,1991,616,506,1527,1765,1795,2666,2236,2045,2373,1641,1681,1095,2390,1803,1762
ADAM19|8728,106,140,160,342,269,182,439,320,292,266,286,210,112,399,390,390,111,478,609,540,1133,2158,289,1247,1226,2530,936,1121,1185,1631,419,235,786,393,1015,1237,703,420,634,1098
ACADVL|37,16719,17468,12897,8289,14418,10774,34212,18389,24072,18086,19773,29589,19311,23902,31851,22605,14850,36779,21316,30547,35825,18697,14151,13568,28693,15968,10028,31278,23985,40286,25001,20819,34641,24785,13924,24691,16785,23082,16858,23296
?|728045,0,0,0,0,0,0,0,0,0,0,0,0,0,0,0,0,0,0,0,0,0,0,0,0,0,0,0,0,0,0,0,0,0,0,0,0,0,0,0,0
ACSL3|2181,2578,3016,2331,3389,3523,3591,11091,8584,5470,7040,6276,7220,7222,10698,13286,8467,4037,7319,10526,16375,3399,3000,5960,2722,1857,1957,2556,4639,5249,4633,3885,2778,2931,2545,5631,6377,4021,3880,3513,5174
?|90288,86,76,42,73,47,65,137,124,100,60,57,84,115,91,200,88,54,108,167,116,159,167,24,44,143,21,41,127,105,155,127,48,240,14,47,203,227,79,129,79
